{"test_auc": [0.8190716180371352, 0.8327654320987654, 0.8391676505312871, 0.8465594653858203, 0.8803865053865054], "test_specificity": [1.0, 0.6933333333333334, 0.42142857142857143, 0.9681528662420382, 0.3146853146853147], "test_sensitivity": [0.0, 0.8740740740740741, 0.9338842975206612, 0.2786885245901639, 0.9864864864864865]}