{"test_auc": [0.9223125564588978, 0.8827572400907514, 0.8496492346938775, 0.8855754732786061, 0.9010989010989011], "test_specificity": [1.0, 0.9606299212598425, 0.9553571428571429, 1.0, 1.0], "test_sensitivity": [0.5333333333333333, 0.576271186440678, 0.5178571428571429, 0.23404255319148937, 0.36538461538461536]}