{"test_auc": [0.9356820234869015, 0.9165220872814627, 0.9029017857142857, 0.8813871670296531, 0.9105769230769232], "test_specificity": [0.959349593495935, 0.8740157480314961, 1.0, 0.5669291338582677, 0.9571428571428572], "test_sensitivity": [0.8222222222222222, 0.847457627118644, 0.017857142857142856, 0.851063829787234, 0.8269230769230769]}