{"test_auc": [0.8227320954907161, 0.8260987654320986, 0.816440377804014, 0.8312623994987992, 0.855910980910981], "test_specificity": [0.8758620689655172, 0.8666666666666667, 0.8857142857142857, 0.8726114649681529, 0.993006993006993], "test_sensitivity": [0.49230769230769234, 0.5481481481481482, 0.5289256198347108, 0.5409836065573771, 0.3783783783783784]}