{"test_auc": [0.8023607427055702, 0.8062469135802469, 0.8198051948051949, 0.8046883157564999, 0.8603997353997355], "test_specificity": [0.8758620689655172, 0.88, 0.8857142857142857, 0.8662420382165605, 0.8951048951048951], "test_sensitivity": [0.49230769230769234, 0.5407407407407407, 0.5289256198347108, 0.5409836065573771, 0.5743243243243243]}