{"test_auc": [0.7921220159151194, 0.8170123456790123, 0.810064935064935, 0.831001357418816, 0.8458467208467209], "test_specificity": [0.8827586206896552, 0.8133333333333334, 0.9642857142857143, 0.5796178343949044, 0.916083916083916], "test_sensitivity": [0.49230769230769234, 0.7333333333333333, 0.23140495867768596, 0.8688524590163934, 0.5608108108108109]}