{"test_auc": [0.9571815718157182, 0.8081542773255037, 0.9027423469387754, 0.7329535935667616, 0.8156593406593406], "test_specificity": [1.0, 1.0, 0.6517857142857143, 0.0, 1.0], "test_sensitivity": [0.6666666666666666, 0.23728813559322035, 0.8571428571428571, 1.0, 0.2692307692307692]}