{"test_auc": [0.9515808491418247, 0.9340050713999732, 0.9013073979591838, 0.891271569777182, 0.9244505494505495], "test_specificity": [0.967479674796748, 1.0, 0.9821428571428571, 0.6141732283464567, 0.8428571428571429], "test_sensitivity": [0.6888888888888889, 0.5932203389830508, 0.30357142857142855, 0.851063829787234, 0.8653846153846154]}