{"test_auc": [0.7816710875331565, 0.8104938271604939, 0.8280106257378985, 0.8305314816748459, 0.8499574749574749], "test_specificity": [1.0, 0.8666666666666667, 0.02857142857142857, 1.0, 0.993006993006993], "test_sensitivity": [0.0, 0.5481481481481482, 1.0, 0.19672131147540983, 0.32432432432432434]}