{"test_auc": [0.8053315649867373, 0.8229876543209876, 0.8283648170011806, 0.8353868643625353, 0.8611557361557363], "test_specificity": [0.0, 0.0, 0.8857142857142857, 0.910828025477707, 0.013986013986013986], "test_sensitivity": [1.0, 1.0, 0.5289256198347108, 0.48360655737704916, 1.0]}