{"test_auc": [0.8219363395225465, 0.8136543209876544, 0.8225796930342385, 0.8401378302182312, 0.8617699867699867], "test_specificity": [0.8758620689655172, 0.8666666666666667, 0.9, 0.8280254777070064, 0.9090909090909091], "test_sensitivity": [0.49230769230769234, 0.5407407407407407, 0.512396694214876, 0.7049180327868853, 0.5675675675675675]}