{"val_auc": [0.8854671280276816, 0.9471153846153847, 0.9242979242979242, 0.918806161745828, 0.925679347826087], "test_auc": [0.9645889792231256, 0.9580849141824752, 0.9757904245709124, 0.9687443541102077, 0.9633242999096657], "test_specificity": [1.0, 0.975609756097561, 1.0, 0.991869918699187, 1.0], "test_sensitivity": [0.5777777777777777, 0.8222222222222222, 0.7777777777777778, 0.8, 0.5555555555555556]}