{"test_auc": [0.9416440831074977, 0.935473108234352, 0.8804209183673469, 0.9024962305243759, 0.9300824175824176], "test_specificity": [0.943089430894309, 0.8818897637795275, 0.9553571428571429, 0.7322834645669292, 0.9785714285714285], "test_sensitivity": [0.8222222222222222, 0.847457627118644, 0.6964285714285714, 0.851063829787234, 0.7884615384615384]}