{"test_auc": [0.9448961156278229, 0.937608434538903, 0.8686224489795918, 0.868152119282962, 0.9211538461538461], "test_specificity": [0.983739837398374, 0.8976377952755905, 0.6160714285714286, 1.0, 0.95], "test_sensitivity": [0.5777777777777777, 0.847457627118644, 0.8392857142857143, 0.0, 0.8076923076923077]}