{"test_auc": [0.9824751580849141, 0.9789803816895769, 0.9518494897959183, 0.9477299380130674, 0.9736263736263736], "test_specificity": [0.9349593495934959, 0.9921259842519685, 0.9375, 0.952755905511811, 0.9642857142857143], "test_sensitivity": [0.8888888888888888, 0.8305084745762712, 0.7678571428571429, 0.7446808510638298, 0.8269230769230769]}