{"test_auc": [0.9409214092140922, 0.9485519818497264, 0.8871173469387755, 0.9105377785223656, 0.9590659340659341], "test_specificity": [0.5447154471544715, 1.0, 0.1875, 0.4015748031496063, 0.8857142857142857], "test_sensitivity": [0.9333333333333333, 0.5423728813559322, 0.9821428571428571, 0.9574468085106383, 0.9038461538461539]}