{"val_auc": [0.9072664359861591, 0.9310897435897437, 0.8843101343101343, 0.9467265725288831, 0.9275815217391304], "test_auc": [0.9651309846431797, 0.973441734417344, 0.9374887082204154, 0.9842818428184282, 0.9600722673893405], "test_specificity": [0.9105691056910569, 0.991869918699187, 0.983739837398374, 0.9349593495934959, 0.7723577235772358], "test_sensitivity": [0.8888888888888888, 0.7555555555555555, 0.6, 0.8888888888888888, 0.9111111111111111]}