{"test_auc": [0.9497741644083108, 0.9366742292806619, 0.9266581632653061, 0.9236052940190986, 0.9361263736263736], "test_specificity": [0.5447154471544715, 1.0, 0.875, 0.9606299212598425, 0.9928571428571429], "test_sensitivity": [0.9333333333333333, 0.576271186440678, 0.8214285714285714, 0.723404255319149, 0.5192307692307693]}