{"test_auc": [0.9591689250225834, 0.45849459495529166, 0.9013073979591837, 0.46423186463394206, 0.42335164835164835], "test_specificity": [0.7560975609756098, 1.0, 0.9285714285714286, 1.0, 1.0], "test_sensitivity": [0.9111111111111111, 0.0, 0.7678571428571429, 0.0, 0.0]}