{"test_auc": [0.9288166214995484, 0.9171893767516348, 0.8588966836734694, 0.9035014240241246, 0.9052197802197802], "test_specificity": [1.0, 1.0, 0.9553571428571429, 0.9763779527559056, 1.0], "test_sensitivity": [0.4888888888888889, 0.5084745762711864, 0.5, 0.6595744680851063, 0.5384615384615384]}