{"test_auc": [0.796472148541114, 0.8123703703703704, 0.8055785123966943, 0.8441578782499739, 0.8432952182952184], "test_specificity": [0.993103448275862, 0.9733333333333334, 0.9642857142857143, 0.0, 1.0], "test_sensitivity": [0.11538461538461539, 0.2814814814814815, 0.23140495867768596, 1.0, 0.20270270270270271]}