{"test_auc": [0.836631299734748, 0.827283950617284, 0.8192739079102715, 0.8370575336744281, 0.8527924777924778], "test_specificity": [0.027586206896551724, 0.8666666666666667, 1.0, 0.9554140127388535, 0.006993006993006993], "test_sensitivity": [1.0, 0.5333333333333333, 0.2066115702479339, 0.28688524590163933, 1.0]}