{"test_auc": [0.7602529358626919, 0.5105431736287201, 0.7836415816326531, 0.8071703802982074, 0.5593406593406594], "test_specificity": [1.0, 1.0, 1.0, 1.0, 1.0], "test_sensitivity": [0.0, 0.0, 0.0, 0.0, 0.0]}