{"test_auc": [0.46124661246612464, 0.8457894034432136, 0.771045918367347, 0.6300887920924778, 0.6281593406593406], "test_specificity": [1.0, 1.0, 1.0, 1.0, 1.0], "test_sensitivity": [0.0, 0.0, 0.0, 0.0, 0.019230769230769232]}