{"val_auc": [0.8951557093425605, 0.795673076923077, 0.8284493284493285, 0.8395378690629012, 0.8773097826086956], "test_auc": [0.9279132791327913, 0.8464317976513098, 0.8608852755194218, 0.9315266485998194, 0.9094850948509484], "test_specificity": [1.0, 0.7398373983739838, 1.0, 1.0, 1.0], "test_sensitivity": [0.0, 0.8222222222222222, 0.0, 0.4888888888888889, 0.0]}