{"test_auc": [0.9156278229448961, 0.9013078873615374, 0.8751594387755102, 0.8698274417825431, 0.8755494505494505], "test_specificity": [0.8536585365853658, 0.984251968503937, 0.9910714285714286, 1.0, 1.0], "test_sensitivity": [0.8666666666666667, 0.4915254237288136, 0.4642857142857143, 0.3617021276595745, 0.0]}