{"test_auc": [0.9210478771454381, 0.8703456559455491, 0.8096301020408163, 0.8887585860278104, 0.8932692307692308], "test_specificity": [0.8943089430894309, 0.9606299212598425, 1.0, 1.0, 1.0], "test_sensitivity": [0.8, 0.6101694915254238, 0.0, 0.23404255319148937, 0.36538461538461536]}