{"val_auc": [0.8820069204152249, 0.9180021367521367, 0.8821733821733823, 0.8725930680359434, 0.9044836956521739], "test_auc": [0.9376693766937669, 0.9432700993676604, 0.9452574525745258, 0.9577235772357724, 0.9432700993676604], "test_specificity": [0.967479674796748, 0.959349593495935, 0.959349593495935, 0.975609756097561, 0.975609756097561], "test_sensitivity": [0.8, 0.8444444444444444, 0.8222222222222222, 0.8222222222222222, 0.7777777777777778]}