{"test_auc": [0.8278249336870027, 0.83, 0.8240554899645808, 0.841390832202151, 0.8724957474957475], "test_specificity": [0.8413793103448276, 0.8066666666666666, 0.02857142857142857, 0.8280254777070064, 1.0], "test_sensitivity": [0.7153846153846154, 0.725925925925926, 1.0, 0.7213114754098361, 0.25]}