{"test_auc": [0.7807692307692307, 0.7791851851851852, 0.8048701298701298, 0.8266680588910933, 0.8442874692874692], "test_specificity": [0.8827586206896552, 0.9, 0.8857142857142857, 0.8726114649681529, 0.951048951048951], "test_sensitivity": [0.49230769230769234, 0.5259259259259259, 0.5289256198347108, 0.5409836065573771, 0.4864864864864865]}