{"test_auc": [0.9631436314363143, 0.9737755238222341, 0.9166135204081632, 0.9331546322667114, 0.9538461538461538], "test_specificity": [0.991869918699187, 0.9921259842519685, 0.9196428571428571, 0.9921259842519685, 0.9785714285714285], "test_sensitivity": [0.8222222222222222, 0.7796610169491526, 0.7678571428571429, 0.40425531914893614, 0.75]}