{"val_auc": [0.8813148788927335, 0.9174679487179488, 0.9041514041514043, 0.8546213093709885, 0.9050271739130434], "test_auc": [0.934959349593496, 0.9351400180668473, 0.9391147244805781, 0.9459801264679313, 0.9454381210478771], "test_specificity": [1.0, 1.0, 0.959349593495935, 0.967479674796748, 0.967479674796748], "test_sensitivity": [0.5555555555555556, 0.6222222222222222, 0.8222222222222222, 0.8222222222222222, 0.7777777777777778]}