{"test_auc": [0.9102077687443542, 0.871813692779928, 0.8494897959183674, 0.893784553526554, 0.8692307692307693], "test_specificity": [1.0, 1.0, 0.9642857142857143, 1.0, 1.0], "test_sensitivity": [0.4, 0.3559322033898305, 0.5892857142857143, 0.1276595744680851, 0.28846153846153844]}