{"test_auc": [0.9168925022583558, 0.8826237821967169, 0.8691007653061225, 0.8631261517842185, 0.8826923076923078], "test_specificity": [0.8861788617886179, 1.0, 1.0, 1.0, 1.0], "test_sensitivity": [0.8444444444444444, 0.0, 0.0, 0.1276595744680851, 0.0]}