{"test_auc": [0.8301061007957559, 0.8182469135802469, 0.8203364817001181, 0.8051581915004699, 0.8590767340767341], "test_specificity": [0.006896551724137931, 0.8133333333333334, 1.0, 1.0, 0.993006993006993], "test_sensitivity": [1.0, 0.7333333333333333, 0.19834710743801653, 0.0, 0.36486486486486486]}