{"test_auc": [0.9320686540198735, 0.9269318030161484, 0.8777104591836735, 0.8864131345283965, 0.9078296703296703], "test_specificity": [0.9105691056910569, 1.0, 0.8660714285714286, 0.889763779527559, 0.9928571428571429], "test_sensitivity": [0.8888888888888888, 0.3728813559322034, 0.7857142857142857, 0.7659574468085106, 0.2692307692307692]}