{"test_auc": [0.9250225835591689, 0.946283197651141, 0.9435586734693878, 0.9226001005193499, 0.9653846153846154], "test_specificity": [1.0, 1.0, 0.9107142857142857, 0.984251968503937, 0.9642857142857143], "test_sensitivity": [0.5111111111111111, 0.5932203389830508, 0.8214285714285714, 0.723404255319149, 0.8269230769230769]}