{"test_auc": [0.9550135501355014, 0.8811557453623381, 0.7646683673469388, 0.6218797118445301, 0.6796703296703297], "test_specificity": [0.9512195121951219, 0.9921259842519685, 1.0, 1.0, 0.9357142857142857], "test_sensitivity": [0.7777777777777778, 0.423728813559322, 0.0, 0.0, 0.3269230769230769]}