{"test_auc": [0.8509485094850947, 0.4523555318297077, 0.8617665816326531, 0.7342938515664266, 0.9526098901098901], "test_specificity": [1.0, 1.0, 0.9732142857142857, 0.0, 0.9857142857142858], "test_sensitivity": [0.24444444444444444, 0.01694915254237288, 0.03571428571428571, 1.0, 0.5384615384615384]}