{"val_auc": [0.41626297577854665, 0.9337606837606838, 0.9026251526251526, 0.8815789473684211, 0.7360054347826086], "test_auc": [0.4213188798554652, 0.9506775067750678, 0.9506775067750677, 0.9564588979223125, 0.7719963866305329], "test_specificity": [1.0, 0.7642276422764228, 0.016260162601626018, 0.7317073170731707, 1.0], "test_sensitivity": [0.0, 0.9111111111111111, 1.0, 0.9555555555555556, 0.3333333333333333]}