{"test_auc": [0.8239522546419098, 0.8151851851851851, 0.8274203069657615, 0.8385193693223347, 0.8721177471177471], "test_specificity": [0.8758620689655172, 0.8866666666666667, 0.8857142857142857, 0.8980891719745223, 0.8321678321678322], "test_sensitivity": [0.5076923076923077, 0.5333333333333333, 0.5206611570247934, 0.5081967213114754, 0.777027027027027]}