{"test_auc": [0.8111671087533158, 0.803283950617284, 0.822697756788666, 0.8276600187950298, 0.8646049896049897], "test_specificity": [0.8827586206896552, 0.8733333333333333, 0.8857142857142857, 0.8598726114649682, 0.8811188811188811], "test_sensitivity": [0.49230769230769234, 0.5407407407407407, 0.5289256198347108, 0.5409836065573771, 0.581081081081081]}