{"test_auc": [0.9707317073170731, 0.9740424396103029, 0.9118303571428571, 0.9301390517674653, 0.9387362637362637], "test_specificity": [1.0, 1.0, 0.875, 0.9448818897637795, 0.9642857142857143], "test_sensitivity": [0.6666666666666666, 0.576271186440678, 0.8214285714285714, 0.7446808510638298, 0.7884615384615384]}