{"test_auc": [0.8735320686540199, 0.8173628720138797, 0.8451849489795918, 0.8163846540459038, 0.8178571428571428], "test_specificity": [1.0, 1.0, 1.0, 1.0, 1.0], "test_sensitivity": [0.0, 0.0, 0.0, 0.19148936170212766, 0.019230769230769232]}