{"test_auc": [0.7739787798408488, 0.8024444444444445, 0.7848583234946872, 0.8109533256760989, 0.8204734454734455], "test_specificity": [0.8758620689655172, 0.8666666666666667, 0.9142857142857143, 0.8662420382165605, 0.8811188811188811], "test_sensitivity": [0.49230769230769234, 0.5481481481481482, 0.4793388429752066, 0.5409836065573771, 0.5743243243243243]}