{"test_auc": [0.9140018066847335, 0.45395702655812087, 0.9325573979591836, 0.7066510303233372, 0.9028846153846154], "test_specificity": [1.0, 1.0, 0.9196428571428571, 1.0, 0.6857142857142857], "test_sensitivity": [0.5555555555555556, 0.0, 0.7678571428571429, 0.0, 0.9038461538461539]}