{"test_auc": [0.9766937669376693, 0.9760443080208194, 0.949298469387755, 0.4752889931311778, 0.9432692307692307], "test_specificity": [0.991869918699187, 0.9606299212598425, 0.9375, 1.0, 0.7285714285714285], "test_sensitivity": [0.8222222222222222, 0.8305084745762712, 0.7678571428571429, 0.0, 0.9038461538461539]}