{"test_auc": [0.9387533875338754, 0.934538902976111, 0.9304846938775508, 0.9091975205227005, 0.9429945054945055], "test_specificity": [1.0, 0.5590551181102362, 0.7946428571428571, 0.5669291338582677, 0.65], "test_sensitivity": [0.4444444444444444, 0.9830508474576272, 0.8928571428571429, 0.9361702127659575, 0.9423076923076923]}