{"val_auc": [0.8726643598615917, 0.9097222222222222, 0.9035409035409036, 0.8559050064184852, 0.9028532608695652], "test_auc": [0.9389340560072267, 0.9291779584462511, 0.9472448057813911, 0.9497741644083106, 0.9499548328816622], "test_specificity": [0.967479674796748, 0.926829268292683, 0.983739837398374, 0.967479674796748, 0.975609756097561], "test_sensitivity": [0.8, 0.8888888888888888, 0.7777777777777778, 0.8, 0.7333333333333333]}