{"test_auc": [0.9136404697380308, 0.9025090084078474, 0.8346619897959183, 0.863796280784051, 0.8663461538461539], "test_specificity": [0.975609756097561, 0.984251968503937, 0.9642857142857143, 1.0, 0.9928571428571429], "test_sensitivity": [0.5333333333333333, 0.6779661016949152, 0.39285714285714285, 0.2765957446808511, 0.36538461538461536]}