{"test_auc": [0.9132791327913278, 0.9047777926064328, 0.8415178571428571, 0.8822248282794437, 0.8751373626373627], "test_specificity": [1.0, 1.0, 1.0, 0.8110236220472441, 1.0], "test_sensitivity": [0.0, 0.0, 0.0, 0.7872340425531915, 0.0]}