{"test_auc": [0.9365853658536585, 0.9077138662751902, 0.8612882653061223, 0.9001507790249623, 0.9089285714285714], "test_specificity": [0.983739837398374, 0.9921259842519685, 0.9375, 0.9291338582677166, 1.0], "test_sensitivity": [0.6222222222222222, 0.559322033898305, 0.75, 0.7446808510638298, 0.40384615384615385]}