{"test_auc": [0.8275596816976127, 0.8242716049382716, 0.8281877213695396, 0.8402944554662212, 0.8649829899829901], "test_specificity": [0.7448275862068966, 0.82, 0.8857142857142857, 0.8726114649681529, 0.993006993006993], "test_sensitivity": [0.8076923076923077, 0.725925925925926, 0.5206611570247934, 0.5409836065573771, 0.35135135135135137]}