{"test_auc": [0.9580849141824752, 0.9609635659949285, 0.9314413265306122, 0.9344948902663762, 0.9421703296703297], "test_specificity": [0.8211382113821138, 0.937007874015748, 0.9017857142857143, 0.984251968503937, 0.9714285714285714], "test_sensitivity": [0.9111111111111111, 0.847457627118644, 0.7678571428571429, 0.44680851063829785, 0.7115384615384616]}