{"test_auc": [0.8070822281167109, 0.8075802469135801, 0.8316706021251477, 0.8319933173227524, 0.8489652239652239], "test_specificity": [0.8413793103448276, 0.8666666666666667, 0.03571428571428571, 0.9490445859872612, 0.03496503496503497], "test_sensitivity": [0.7153846153846154, 0.5481481481481482, 1.0, 0.45081967213114754, 1.0]}