{"test_auc": [0.9566395663956639, 0.9713732817296142, 0.9261798469387755, 0.9293013905176746, 0.9498626373626374], "test_specificity": [0.9349593495934959, 1.0, 0.9196428571428571, 0.8976377952755905, 0.9357142857142857], "test_sensitivity": [0.8666666666666667, 0.7457627118644068, 0.75, 0.8297872340425532, 0.8461538461538461]}