{"test_auc": [0.7906052393857271, 0.928666755638596, 0.4689094387755102, 0.8952923437761768, 0.9423076923076922], "test_specificity": [0.991869918699187, 0.8267716535433071, 0.6964285714285714, 0.5826771653543307, 1.0], "test_sensitivity": [0.4444444444444444, 0.864406779661017, 0.08928571428571429, 0.8936170212765957, 0.5576923076923077]}