{"val_auc": [0.8197231833910036, 0.750267094017094, 0.8858363858363859, 0.49486521181001286, 0.4797554347826087], "test_auc": [0.9121951219512195, 0.7716350496838301, 0.9452574525745258, 0.4303523035230353, 0.4796747967479675], "test_specificity": [0.991869918699187, 0.0, 0.5853658536585366, 1.0, 1.0], "test_sensitivity": [0.6, 1.0, 0.9333333333333333, 0.0, 0.0]}