{"test_auc": [0.6037940379403794, 0.9163886293874283, 0.8995535714285715, 0.9006533757748367, 0.9285714285714285], "test_specificity": [1.0, 0.5748031496062992, 0.8392857142857143, 0.5511811023622047, 1.0], "test_sensitivity": [0.0, 0.8813559322033898, 0.8035714285714286, 0.8936170212765957, 0.34615384615384615]}