{"test_auc": [0.8003613369467029, 0.6907113305752035, 0.7731186224489796, 0.7688054950577986, 0.7380494505494505], "test_specificity": [1.0, 1.0, 1.0, 1.0, 1.0], "test_sensitivity": [0.0, 0.01694915254237288, 0.0, 0.0, 0.0]}