{"test_auc": [0.656910569105691, 0.8747497664486854, 0.7340561224489797, 0.7396548835650862, 0.7398351648351649], "test_specificity": [1.0, 1.0, 1.0, 1.0, 1.0], "test_sensitivity": [0.0, 0.0, 0.0, 0.0, 0.0]}