{"val_auc": [0.8640138408304497, 0.8071581196581197, 0.7585470085470086, 0.8292682926829268, 0.7615489130434783], "test_auc": [0.8607046070460704, 0.83739837398374, 0.8079494128274616, 0.9040650406504066, 0.7396567299006324], "test_specificity": [1.0, 1.0, 1.0, 1.0, 1.0], "test_sensitivity": [0.0, 0.0, 0.0, 0.4222222222222222, 0.0]}