{"test_auc": [0.7936604774535809, 0.7841728395061728, 0.8213400236127509, 0.8052626083324632, 0.8405074655074656], "test_specificity": [0.8758620689655172, 0.8666666666666667, 0.8857142857142857, 0.8598726114649682, 0.9020979020979021], "test_sensitivity": [0.49230769230769234, 0.5481481481481482, 0.5289256198347108, 0.5409836065573771, 0.5675675675675675]}