{"test_auc": [0.856007226738934, 0.9747064137308039, 0.9718157181571815, 0.96386630532972, 0.9535682023486901], "test_specificity": [1.0, 1.0, 1.0, 1.0, 0.943089430894309], "test_sensitivity": [0.044444444444444446, 0.4666666666666667, 0.6666666666666666, 0.6888888888888889, 0.8222222222222222]}