{"test_auc": [0.9301496792587313, 0.874609003127975, 0.9129194050501557, 0.8828351012536162, 0.8962694578636607, 0.8922436929683306], "test_specificity": [1.0, 0.9767441860465116, 0.9745762711864406, 0.9590163934426229, 0.9782608695652174, 0.9782608695652174], "test_sensitivity": [0.30434782608695654, 0.5789473684210527, 0.7346938775510204, 0.6274509803921569, 0.5370370370370371, 0.5555555555555556]}