{"test_auc": [0.8859586600142552, 0.8754249966000271], "test_specificity": [1.0, 1.0], "test_sensitivity": [0.0, 0.0]}