{"test_auc": [0.925925925925926, 0.9159891598915989, 0.9152664859981934, 0.9400180668473351, 0.9275519421860885], "test_specificity": [1.0, 1.0, 0.6178861788617886, 1.0, 0.6585365853658537], "test_sensitivity": [0.35555555555555557, 0.4666666666666667, 0.9111111111111111, 0.4, 0.9111111111111111]}