{"test_auc": [0.9804878048780488, 0.9808491418247516, 0.979223125564589, 0.9680216802168021, 0.9716350496838302], "test_specificity": [1.0, 1.0, 1.0, 0.943089430894309, 1.0], "test_sensitivity": [0.8, 0.6, 0.7555555555555555, 0.8666666666666667, 0.8]}