{"test_auc": [0.9246258018531717, 0.8440092479260166, 0.8996022137668627, 0.8576020572163292, 0.8946591519055287], "test_specificity": [1.0, 0.5736434108527132, 0.8983050847457628, 1.0, 0.5869565217391305], "test_sensitivity": [0.0, 0.7719298245614035, 0.7755102040816326, 0.4117647058823529, 0.8333333333333334]}