{"test_auc": [0.9633242999096657, 0.9712398238355799, 0.9019451530612246, 0.9257832132685542, 0.9270604395604396], "test_specificity": [1.0, 1.0, 0.8928571428571429, 0.9291338582677166, 0.7428571428571429], "test_sensitivity": [0.7111111111111111, 0.576271186440678, 0.7678571428571429, 0.7446808510638298, 0.8653846153846154]}