{"test_auc": [0.9396567299006323, 0.9249299346056319, 0.8813775510204082, 0.6965990953258503, 0.9207417582417583], "test_specificity": [1.0, 1.0, 0.875, 1.0, 0.9928571428571429], "test_sensitivity": [0.4222222222222222, 0.5932203389830508, 0.8035714285714286, 0.0, 0.34615384615384615]}