{"test_auc": [0.9416440831074977, 0.91131722941412, 0.8934948979591837, 0.8907689730273077, 0.8917582417582418], "test_specificity": [0.959349593495935, 0.9448818897637795, 1.0, 0.5590551181102362, 0.9714285714285714], "test_sensitivity": [0.7777777777777778, 0.7288135593220338, 0.0, 0.851063829787234, 0.6346153846153846]}