{"test_auc": [0.9203252032520325, 0.9183378500451671, 0.940379403794038, 0.946702800361337, 0.9362240289069558], "test_specificity": [0.6016260162601627, 0.959349593495935, 1.0, 1.0, 0.8455284552845529], "test_sensitivity": [0.9111111111111111, 0.6, 0.06666666666666667, 0.35555555555555557, 0.9111111111111111]}