{"val_auc": [0.9058823529411765, 0.7139423076923077, 0.8986568986568986, 0.8478818998716303, 0.9221467391304349], "test_auc": [0.9443541102077688, 0.66449864498645, 0.9582655826558265, 0.9308039747064137, 0.9423667570009033], "test_specificity": [0.6016260162601627, 1.0, 1.0, 1.0, 1.0], "test_sensitivity": [0.9111111111111111, 0.0, 0.3111111111111111, 0.5111111111111111, 0.35555555555555557]}