{"test_auc": [0.8888096935138988, 0.8476812185502517, 0.9013317191283293, 0.8741562198649951, 0.8950617283950617], "test_specificity": [0.9918032786885246, 0.5658914728682171, 0.9745762711864406, 1.0, 0.8985507246376812], "test_sensitivity": [0.34782608695652173, 0.7719298245614035, 0.7551020408163265, 0.3333333333333333, 0.8148148148148148]}