{"test_auc": [0.8839985744832501, 0.8533931728546171, 0.8964891041162227, 0.8744776599164256, 0.8942565754159957], "test_specificity": [0.5655737704918032, 0.9922480620155039, 0.576271186440678, 1.0, 1.0], "test_sensitivity": [0.8260869565217391, 0.47368421052631576, 0.8571428571428571, 0.0, 0.35185185185185186]}