{"test_auc": [0.9374887082204155, 0.9202589083144267, 0.8824936224489796, 0.8942871502764282, 0.9100274725274726], "test_specificity": [1.0, 1.0, 1.0, 0.6929133858267716, 0.9928571428571429], "test_sensitivity": [0.5333333333333333, 0.4576271186440678, 0.07142857142857142, 0.8297872340425532, 0.36538461538461536]}