{"test_auc": [0.8222546419098143, 0.7988888888888889, 0.8332054309327038, 0.8342904876266053, 0.8364912114912114], "test_specificity": [0.027586206896551724, 0.96, 0.7142857142857143, 0.006369426751592357, 1.0], "test_sensitivity": [1.0, 0.34074074074074073, 0.8181818181818182, 1.0, 0.006756756756756757]}