{"test_auc": [0.960252935862692, 0.9618977712531696, 0.9185267857142858, 0.9133858267716535, 0.9556318681318682], "test_specificity": [0.967479674796748, 0.937007874015748, 0.9285714285714286, 0.6062992125984252, 1.0], "test_sensitivity": [0.8222222222222222, 0.8305084745762712, 0.75, 0.8723404255319149, 0.5192307692307693]}