{"test_auc": [0.8257559681697613, 0.8204197530864198, 0.8085301062573789, 0.8326720267307088, 0.8286949536949537], "test_specificity": [0.0, 0.013333333333333334, 1.0, 0.9681528662420382, 1.0], "test_sensitivity": [1.0, 1.0, 0.0, 0.2786885245901639, 0.0]}