{"test_auc": [0.8154641909814324, 0.8268888888888888, 0.8392857142857142, 0.839093661898298, 0.8647467397467398], "test_specificity": [0.9586206896551724, 0.8, 0.8142857142857143, 0.8662420382165605, 0.993006993006993], "test_sensitivity": [0.3153846153846154, 0.7333333333333333, 0.7603305785123967, 0.5491803278688525, 0.32432432432432434]}