{"test_auc": [0.819814323607427, 0.8298024691358025, 0.8311983471074379, 0.8491176777696564, 0.8612029862029862], "test_specificity": [0.9586206896551724, 0.46, 0.11428571428571428, 0.9681528662420382, 0.013986013986013986], "test_sensitivity": [0.3153846153846154, 0.9259259259259259, 0.9834710743801653, 0.2786885245901639, 1.0]}