{"val_auc": [0.8882352941176469, 0.7994123931623931, 0.818070818070818, 0.8411424903722721, 0.8957880434782609], "test_auc": [0.9183378500451672, 0.829810298102981, 0.8569105691056911, 0.9228545618789521, 0.9271906052393857], "test_specificity": [0.967479674796748, 1.0, 1.0, 1.0, 1.0], "test_sensitivity": [0.5555555555555556, 0.3111111111111111, 0.0, 0.5111111111111111, 0.5555555555555556]}