{"test_auc": [0.33748870822041555, 0.7027225410383025, 0.6965880102040816, 0.7570782375607303, 0.5777472527472527], "test_specificity": [1.0, 1.0, 1.0, 0.8976377952755905, 1.0], "test_sensitivity": [0.0, 0.0, 0.0, 0.40425531914893614, 0.0]}