{"test_auc": [0.4852755194218609, 0.8525957560389696, 0.7637117346938775, 0.7689730273077567, 0.7324175824175825], "test_specificity": [1.0, 1.0, 1.0, 1.0, 1.0], "test_sensitivity": [0.0, 0.01694915254237288, 0.0, 0.02127659574468085, 0.0]}