{"test_auc": [0.912375790424571, 0.867809955958895, 0.8596938775510204, 0.4215111408946222, 0.8603021978021979], "test_specificity": [1.0, 0.5748031496062992, 1.0, 1.0, 0.6285714285714286], "test_sensitivity": [0.022222222222222223, 0.8813559322033898, 0.39285714285714285, 0.0, 0.8269230769230769]}