{"test_auc": [0.9112917795844624, 0.8892966768984386, 0.8722895408163265, 0.434076059641481, 0.8892857142857143], "test_specificity": [1.0, 1.0, 1.0, 1.0, 0.75], "test_sensitivity": [0.0, 0.05084745762711865, 0.0, 0.0, 0.8076923076923077]}