{"val_auc": [0.6885813148788927, 0.5654380341880342, 0.8943833943833944, 0.8536585365853658, 0.8995923913043479], "test_auc": [0.780126467931346, 0.4513098464317976, 0.9598915989159892, 0.9436314363143631, 0.9394760614272809], "test_specificity": [1.0, 1.0, 1.0, 1.0, 0.7804878048780488], "test_sensitivity": [0.0, 0.0, 0.37777777777777777, 0.6, 0.9111111111111111]}