{"test_auc": [0.9367660343270099, 0.8866275190177499, 0.8515625000000001, 0.8865806667783548, 0.8881868131868131], "test_specificity": [1.0, 1.0, 0.9910714285714286, 0.937007874015748, 0.9928571428571429], "test_sensitivity": [0.4666666666666667, 0.23728813559322035, 0.48214285714285715, 0.6808510638297872, 0.5192307692307693]}