{"test_auc": [0.9541102077687443, 0.9707059922594421, 0.8917410714285715, 0.9272910035181773, 0.8523351648351648], "test_specificity": [0.7479674796747967, 0.9921259842519685, 0.9910714285714286, 0.9212598425196851, 0.9928571428571429], "test_sensitivity": [0.9555555555555556, 0.847457627118644, 0.44642857142857145, 0.8297872340425532, 0.38461538461538464]}