{"val_auc": [0.7377162629757785, 0.8002136752136751, 0.8809523809523809, 0.8543003851091142, 0.8974184782608695], "test_auc": [0.828003613369467, 0.8547425474254741, 0.9203252032520326, 0.9382113821138212, 0.9270099367660344], "test_specificity": [0.4878048780487805, 0.6016260162601627, 0.6016260162601627, 1.0, 0.8943089430894309], "test_sensitivity": [0.9555555555555556, 0.9111111111111111, 0.9111111111111111, 0.5333333333333333, 0.8666666666666667]}