{"test_auc": [0.8943089430894309, 0.8973041505405045, 0.8435905612244898, 0.8328028145417994, 0.8597527472527472], "test_specificity": [1.0, 1.0, 0.6160714285714286, 0.5748031496062992, 0.6285714285714286], "test_sensitivity": [0.0, 0.3728813559322034, 0.8392857142857143, 0.851063829787234, 0.8269230769230769]}