{"test_auc": [0.904787714543812, 0.8695449085813426, 0.8654336734693878, 0.8534092812866476, 0.8703296703296702], "test_specificity": [0.6016260162601627, 0.8740157480314961, 0.8660714285714286, 0.5590551181102362, 0.6142857142857143], "test_sensitivity": [0.9111111111111111, 0.576271186440678, 0.7321428571428571, 0.851063829787234, 0.8653846153846154]}