{"test_auc": [0.8303183023872679, 0.8208148148148149, 0.828482880755608, 0.8467160906338101, 0.8505481005481005], "test_specificity": [0.8827586206896552, 0.8866666666666667, 0.9642857142857143, 1.0, 0.006993006993006993], "test_sensitivity": [0.49230769230769234, 0.5407407407407407, 0.32231404958677684, 0.23770491803278687, 1.0]}