{"test_auc": [0.8321750663129973, 0.8205185185185185, 0.8143742621015349, 0.8310013574188158, 0.8626204876204877], "test_specificity": [0.896551724137931, 0.8733333333333333, 0.9357142857142857, 0.8662420382165605, 0.9230769230769231], "test_sensitivity": [0.4846153846153846, 0.5407407407407407, 0.4462809917355372, 0.5409836065573771, 0.5337837837837838]}