{"test_auc": [0.7451724137931034, 0.818246913580247, 0.7483175914994097, 0.7908530855173853, 0.809983934983935], "test_specificity": [0.8896551724137931, 0.9666666666666667, 0.8785714285714286, 0.9617834394904459, 0.1958041958041958], "test_sensitivity": [0.4846153846153846, 0.35555555555555557, 0.5041322314049587, 0.29508196721311475, 0.9527027027027027]}