{"val_auc": [0.8726643598615916, 0.8416132478632479, 0.8537851037851039, 0.8315147625160463, 0.8862771739130435], "test_auc": [0.8869015356820235, 0.880397470641373, 0.8999096657633243, 0.9152664859981933, 0.9224932249322493], "test_specificity": [1.0, 1.0, 1.0, 0.983739837398374, 1.0], "test_sensitivity": [0.35555555555555557, 0.0, 0.35555555555555557, 0.5111111111111111, 0.4222222222222222]}