{"test_auc": [0.8460704607046071, 0.7889363405845455, 0.6487563775510204, 0.7678003015580499, 0.7413461538461539], "test_specificity": [1.0, 1.0, 1.0, 1.0, 1.0], "test_sensitivity": [0.0, 0.0, 0.0, 0.02127659574468085, 0.0]}