{"test_auc": [0.8312556458897923, 0.549112505004671, 0.8274872448979592, 0.7781873010554532, 0.8130494505494505], "test_specificity": [0.991869918699187, 1.0, 1.0, 1.0, 1.0], "test_sensitivity": [0.022222222222222223, 0.01694915254237288, 0.0, 0.0, 0.0]}