{"test_auc": [0.9371273712737127, 0.9254637661817697, 0.8533163265306122, 0.8979728597755067, 0.9043956043956044], "test_specificity": [1.0, 1.0, 0.9553571428571429, 1.0, 0.9785714285714285], "test_sensitivity": [0.5555555555555556, 0.5254237288135594, 0.5357142857142857, 0.23404255319148937, 0.6730769230769231]}