{"test_auc": [0.9573622402890696, 0.9521553449886561, 0.9024234693877551, 0.9120455687719887, 0.939423076923077], "test_specificity": [0.6747967479674797, 0.984251968503937, 0.8303571428571429, 0.3464566929133858, 0.9785714285714285], "test_sensitivity": [0.9333333333333333, 0.7457627118644068, 0.8214285714285714, 1.0, 0.5576923076923077]}