{"val_auc": [0.7588235294117647, 0.5673076923076922, 0.9093406593406593, 0.9541078305519898, 0.9379076086956522], "test_auc": [0.7856368563685636, 0.431616982836495, 0.9741644083107498, 0.9808491418247516, 0.9732610659439929], "test_specificity": [0.0, 1.0, 0.991869918699187, 0.991869918699187, 0.943089430894309], "test_sensitivity": [1.0, 0.0, 0.8, 0.8, 0.9333333333333333]}