{"test_auc": [0.9295392953929539, 0.9429467503002802, 0.8925382653061226, 0.46741497738314625, 0.9515109890109891], "test_specificity": [1.0, 0.6771653543307087, 0.8214285714285714, 1.0, 0.7928571428571428], "test_sensitivity": [0.3333333333333333, 0.9322033898305084, 0.8214285714285714, 0.0, 0.9423076923076923]}