{"test_auc": [0.9443541102077687, 0.9497531028960363, 0.8632015306122448, 0.9065170045233708, 0.9240384615384615], "test_specificity": [0.6504065040650406, 0.9606299212598425, 0.9642857142857143, 1.0, 1.0], "test_sensitivity": [0.9111111111111111, 0.8135593220338984, 0.07142857142857142, 0.2553191489361702, 0.5192307692307693]}