{"test_auc": [0.9510388437217705, 0.9420125450420391, 0.8866390306122449, 0.9205897135198525, 0.939010989010989], "test_specificity": [1.0, 1.0, 0.8839285714285714, 1.0, 1.0], "test_sensitivity": [0.5333333333333333, 0.5084745762711864, 0.7857142857142857, 0.2553191489361702, 0.4423076923076923]}