{"val_auc": [0.8868512110726644, 0.9436431623931624, 0.9261294261294261, 0.8812580231065468, 0.9319293478260869], "test_auc": [0.9573622402890696, 0.9580849141824752, 0.9779584462511292, 0.9577235772357723, 0.9588075880758807], "test_specificity": [0.959349593495935, 0.959349593495935, 0.991869918699187, 0.959349593495935, 0.9349593495934959], "test_sensitivity": [0.8222222222222222, 0.8444444444444444, 0.8, 0.8222222222222222, 0.8888888888888888]}