{"test_auc": [0.6567299006323397, 0.9657680501801681, 0.9172512755102041, 0.9360026805159993, 0.9752747252747253], "test_specificity": [1.0, 0.8188976377952756, 0.9821428571428571, 0.984251968503937, 0.9571428571428572], "test_sensitivity": [0.0, 0.9322033898305084, 0.5178571428571429, 0.6170212765957447, 0.8846153846153846]}