{"test_auc": [0.9409214092140922, 0.9195916188442547, 0.8671875, 0.9001507790249623, 0.9085164835164836], "test_specificity": [1.0, 1.0, 0.9553571428571429, 0.968503937007874, 1.0], "test_sensitivity": [0.5777777777777777, 0.3728813559322034, 0.5357142857142857, 0.6170212765957447, 0.4423076923076923]}