{"test_auc": [0.9140018066847334, 0.9141198451888429, 0.8494897959183673, 0.8748534092812867, 0.8859890109890111], "test_specificity": [0.983739837398374, 1.0, 1.0, 0.9763779527559056, 0.9857142857142858], "test_sensitivity": [0.5111111111111111, 0.4915254237288136, 0.0, 0.5106382978723404, 0.5]}