{"test_auc": [0.7990716180371353, 0.802888888888889, 0.8161452184179457, 0.8141380390518952, 0.8320969570969571], "test_specificity": [0.8758620689655172, 0.9066666666666666, 0.8857142857142857, 0.8598726114649682, 0.8881118881118881], "test_sensitivity": [0.49230769230769234, 0.4962962962962963, 0.5289256198347108, 0.5409836065573771, 0.5743243243243243]}