{"test_auc": [0.9616982836495032, 0.9326704924596291, 0.887595663265306, 0.9122131010219467, 0.9151098901098902], "test_specificity": [1.0, 0.9763779527559056, 0.9553571428571429, 0.889763779527559, 0.9642857142857143], "test_sensitivity": [0.4444444444444444, 0.576271186440678, 0.7321428571428571, 0.8297872340425532, 0.7884615384615384]}