{"test_auc": [0.9548328816621501, 0.47504337381556117, 0.8992346938775511, 0.9373429385156643, 0.6637362637362637], "test_specificity": [0.991869918699187, 1.0, 0.45535714285714285, 0.9448818897637795, 1.0], "test_sensitivity": [0.6444444444444445, 0.0, 0.9821428571428571, 0.7659574468085106, 0.0]}