{"test_auc": [0.9506775067750677, 0.9604297344187909, 0.8515625, 0.46456692913385833, 0.4504120879120879], "test_specificity": [0.5528455284552846, 0.952755905511811, 0.9642857142857143, 1.0, 1.0], "test_sensitivity": [0.9555555555555556, 0.7796610169491526, 0.48214285714285715, 0.0, 0.0]}