{"test_auc": [0.9656729900632339, 0.935740024022421, 0.9147002551020409, 0.8792092477801977, 0.9583791208791209], "test_specificity": [0.967479674796748, 0.7874015748031497, 0.9910714285714286, 1.0, 0.9357142857142857], "test_sensitivity": [0.8222222222222222, 0.8983050847457628, 0.44642857142857145, 0.23404255319148937, 0.8461538461538461]}