{"val_auc": [0.8743944636678199, 0.9399038461538461, 0.8721001221001221, 0.9483311938382541, 0.9523097826086957], "test_auc": [0.9560975609756097, 0.9804878048780488, 0.9427280939476061, 0.981029810298103, 0.9748870822041554], "test_specificity": [0.983739837398374, 0.926829268292683, 0.5447154471544715, 0.983739837398374, 0.959349593495935], "test_sensitivity": [0.8222222222222222, 0.8888888888888888, 0.9333333333333333, 0.8222222222222222, 0.8222222222222222]}