{"test_auc": [0.9669376693766938, 0.9102495662618445, 0.9110331632653063, 0.8493885072876528, 0.7796703296703296], "test_specificity": [0.975609756097561, 1.0, 0.9464285714285714, 0.5669291338582677, 0.9928571428571429], "test_sensitivity": [0.8222222222222222, 0.5423728813559322, 0.75, 0.8085106382978723, 0.2692307692307692]}