{"test_auc": [0.9093044263775971, 0.8938342452956093, 0.8502869897959183, 0.855419668286145, 0.8881868131868131], "test_specificity": [1.0, 0.9763779527559056, 0.9821428571428571, 0.6299212598425197, 0.9714285714285714], "test_sensitivity": [0.4444444444444444, 0.6779661016949152, 0.4642857142857143, 0.851063829787234, 0.5192307692307693]}