{"test_auc": [0.9237579042457091, 0.8838249032430269, 0.8555484693877551, 0.8307924275423019, 0.8903846153846153], "test_specificity": [0.8943089430894309, 1.0, 1.0, 0.6299212598425197, 1.0], "test_sensitivity": [0.8666666666666667, 0.3389830508474576, 0.0, 0.8085106382978723, 0.19230769230769232]}