{"val_auc": [0.889273356401384, 0.9081196581196581, 0.9004884004884005, 0.8664955070603337, 0.9063858695652174], "test_auc": [0.9391147244805781, 0.9217705510388436, 0.947606142728094, 0.9550135501355014, 0.9445347786811201], "test_specificity": [0.991869918699187, 0.7804878048780488, 0.983739837398374, 0.975609756097561, 0.943089430894309], "test_sensitivity": [0.5555555555555556, 0.9111111111111111, 0.7555555555555555, 0.8222222222222222, 0.8222222222222222]}