{"test_auc": [0.49918699186991866, 0.8955691979180569, 0.8152104591836735, 0.8500586362874852, 0.8743131868131868], "test_specificity": [1.0, 1.0, 1.0, 1.0, 1.0], "test_sensitivity": [0.0, 0.3728813559322034, 0.0, 0.0, 0.0]}