{"val_auc": [0.6013840830449827, 0.875534188034188, 0.9169719169719169, 0.8543003851091142, 0.9020380434782608], "test_auc": [0.6567299006323396, 0.9058717253839205, 0.9613369467028005, 0.9389340560072267, 0.9374887082204155], "test_specificity": [1.0, 0.6016260162601627, 0.983739837398374, 0.7886178861788617, 0.9349593495934959], "test_sensitivity": [0.0, 0.9111111111111111, 0.7555555555555555, 0.9111111111111111, 0.7777777777777778]}