{"test_auc": [0.6588979223125564, 0.8755505138128921, 0.8796237244897959, 0.7522198023119449, 0.8898351648351648], "test_specificity": [1.0, 0.8346456692913385, 1.0, 1.0, 1.0], "test_sensitivity": [0.0, 0.7627118644067796, 0.0, 0.0, 0.0]}