{"test_auc": [0.9060523938572718, 0.8955691979180569, 0.8435905612244898, 0.8869157312782711, 0.8912087912087913], "test_specificity": [1.0, 0.9921259842519685, 0.9910714285714286, 1.0, 0.8357142857142857], "test_sensitivity": [0.0, 0.5254237288135594, 0.03571428571428571, 0.23404255319148937, 0.8653846153846154]}