{"test_auc": [0.9159891598915989, 0.8958361137061257, 0.8574617346938775, 0.8760261350309935, 0.8918956043956044], "test_specificity": [1.0, 1.0, 1.0, 1.0, 1.0], "test_sensitivity": [0.0, 0.0, 0.0, 0.23404255319148937, 0.17307692307692307]}