{"val_auc": [0.8854671280276817, 0.9158653846153847, 0.8836996336996337, 0.8774069319640564, 0.9033967391304347], "test_auc": [0.9409214092140922, 0.940018066847335, 0.9412827461607949, 0.960252935862692, 0.9421860885275519], "test_specificity": [1.0, 1.0, 1.0, 0.983739837398374, 0.967479674796748], "test_sensitivity": [0.6222222222222222, 0.5777777777777777, 0.6222222222222222, 0.8222222222222222, 0.8]}