{"test_auc": [0.8827461607949413, 0.8978379821166422, 0.8035714285714287, 0.8818897637795275, 0.8740384615384615], "test_specificity": [1.0, 1.0, 1.0, 1.0, 0.9857142857142858], "test_sensitivity": [0.0, 0.0, 0.0, 0.02127659574468085, 0.23076923076923078]}