{"test_auc": [0.8426377597109305, 0.8321766982517015, 0.8271683673469389, 0.8500586362874853, 0.8721153846153846], "test_specificity": [1.0, 0.984251968503937, 0.9910714285714286, 0.7401574803149606, 1.0], "test_sensitivity": [0.0, 0.5423728813559322, 0.5, 0.7872340425531915, 0.07692307692307693]}