{"val_auc": [0.8740484429065744, 0.8888888888888888, 0.8846153846153846, 0.798780487804878, 0.8667119565217392], "test_auc": [0.9371273712737127, 0.916531165311653, 0.9318879855465221, 0.9329719963866305, 0.9293586269196025], "test_specificity": [1.0, 1.0, 0.991869918699187, 0.991869918699187, 1.0], "test_sensitivity": [0.5555555555555556, 0.5333333333333333, 0.5777777777777777, 0.6, 0.5333333333333333]}