{"test_auc": [0.6622015915119362, 0.6742469135802469, 0.7627213695395513, 0.7940900073091783, 0.751063126063126], "test_specificity": [0.503448275862069, 1.0, 0.5071428571428571, 0.8980891719745223, 1.0], "test_sensitivity": [0.6461538461538462, 0.0, 0.8099173553719008, 0.5081967213114754, 0.25]}