{"test_auc": [0.8238461538461539, 0.8122716049382717, 0.8268299881936246, 0.8398767881382478, 0.8710309960309961], "test_specificity": [0.4896551724137931, 0.88, 0.8857142857142857, 0.9235668789808917, 0.8881118881118881], "test_sensitivity": [0.8692307692307693, 0.5259259259259259, 0.5289256198347108, 0.4426229508196721, 0.581081081081081]}