{"test_auc": [0.9595302619692864, 0.937341518750834, 0.8883928571428572, 0.9160663427709833, 0.9328296703296702], "test_specificity": [1.0, 1.0, 0.8392857142857143, 1.0, 0.9785714285714285], "test_sensitivity": [0.5333333333333333, 0.5254237288135594, 0.8214285714285714, 0.0, 0.6346153846153846]}