{"test_auc": [0.9689250225835592, 0.9784465501134393, 0.9523278061224489, 0.9529234377617691, 0.9714285714285715], "test_specificity": [1.0, 0.9606299212598425, 0.9285714285714286, 0.9448818897637795, 0.9571428571428572], "test_sensitivity": [0.7777777777777778, 0.864406779661017, 0.8035714285714286, 0.8297872340425532, 0.8461538461538461]}