{"test_auc": [0.9808491418247516, 0.9787134659015082, 0.9531250000000001, 0.9220975037694756, 0.9730769230769231], "test_specificity": [0.959349593495935, 0.9448818897637795, 0.9464285714285714, 0.15748031496062992, 0.9857142857142858], "test_sensitivity": [0.8444444444444444, 0.8983050847457628, 0.7678571428571429, 1.0, 0.7884615384615384]}