{"test_auc": [0.8160794941282746, 0.8707460296276525, 0.8051658163265306, 0.8086781705478304, 0.8078296703296703], "test_specificity": [1.0, 1.0, 1.0, 1.0, 1.0], "test_sensitivity": [0.0, 0.0, 0.0, 0.0, 0.0]}