{"val_auc": [0.8768166089965398, 0.8547008547008548, 0.8833943833943834, 0.808729139922978, 0.8857336956521739], "test_auc": [0.9291779584462512, 0.8990063233965674, 0.9299006323396567, 0.9246612466124663, 0.938572719060524], "test_specificity": [0.9512195121951219, 0.8617886178861789, 1.0, 0.975609756097561, 1.0], "test_sensitivity": [0.7555555555555555, 0.6888888888888889, 0.6, 0.7333333333333333, 0.5333333333333333]}