{"test_auc": [0.8832881662149955, 0.8799546243160282, 0.7707270408163266, 0.7724912045568773, 0.8640109890109889], "test_specificity": [1.0, 1.0, 0.9910714285714286, 1.0, 1.0], "test_sensitivity": [0.0, 0.03389830508474576, 0.0, 0.0, 0.2692307692307692]}