{"test_auc": [0.8915989159891599, 0.89957293473909, 0.8300382653061225, 0.883900150779025, 0.8887362637362638], "test_specificity": [1.0, 1.0, 1.0, 0.984251968503937, 1.0], "test_sensitivity": [0.0, 0.0, 0.0, 0.06382978723404255, 0.0]}