{"test_auc": [0.8056498673740053, 0.8061481481481482, 0.8141381345926801, 0.8362744074344785, 0.8483509733509733], "test_specificity": [0.8482758620689655, 0.86, 0.8857142857142857, 0.8662420382165605, 0.993006993006993], "test_sensitivity": [0.7153846153846154, 0.5481481481481482, 0.5289256198347108, 0.5409836065573771, 0.35135135135135137]}