{"val_auc": [0.8816608996539792, 0.9177350427350427, 0.8971306471306472, 0.863607188703466, 0.9150815217391304], "test_auc": [0.941282746160795, 0.9425474254742547, 0.947244805781391, 0.9553748870822041, 0.9467028003613369], "test_specificity": [0.983739837398374, 0.9512195121951219, 0.967479674796748, 0.983739837398374, 0.967479674796748], "test_sensitivity": [0.6666666666666666, 0.8444444444444444, 0.8222222222222222, 0.8, 0.8222222222222222]}