{"test_auc": [0.8901535682023487, 0.896503403176298, 0.8309948979591837, 0.8849053442787737, 0.9146978021978023], "test_specificity": [0.7967479674796748, 1.0, 1.0, 1.0, 1.0], "test_sensitivity": [0.8222222222222222, 0.0, 0.0, 0.0, 0.019230769230769232]}