{"test_auc": [0.9436314363143631, 0.8475243560656611, 0.8480548469387755, 0.8988105210252975, 0.888598901098901], "test_specificity": [0.967479674796748, 1.0, 1.0, 0.984251968503937, 1.0], "test_sensitivity": [0.6666666666666666, 0.0, 0.0, 0.6170212765957447, 0.0]}