{"test_auc": [0.9351400180668473, 0.9238622714533565, 0.8810586734693877, 0.8785391187803653, 0.9108516483516484], "test_specificity": [0.6341463414634146, 0.889763779527559, 0.9732142857142857, 1.0, 0.9928571428571429], "test_sensitivity": [0.9111111111111111, 0.847457627118644, 0.44642857142857145, 0.0, 0.28846153846153844]}