{"test_auc": [0.9541102077687443, 0.9234618977712531, 0.8867984693877552, 0.8969676662757581, 0.8987637362637363], "test_specificity": [1.0, 0.968503937007874, 0.9821428571428571, 0.5748031496062992, 0.8714285714285714], "test_sensitivity": [0.0, 0.6101694915254238, 0.44642857142857145, 0.851063829787234, 0.8653846153846154]}