{"test_auc": [0.9177958446251129, 0.8425864139863872, 0.8429528061224489, 0.815211928296197, 0.8737637362637363], "test_specificity": [1.0, 0.968503937007874, 1.0, 1.0, 0.9142857142857143], "test_sensitivity": [0.0, 0.559322033898305, 0.0, 0.0, 0.7692307692307693]}