{"test_auc": [0.8841915085817525, 0.8754170559188577, 0.8450255102040817, 0.8637962807840509, 0.8766483516483516], "test_specificity": [1.0, 1.0, 1.0, 0.984251968503937, 1.0], "test_sensitivity": [0.0, 0.0, 0.0, 0.10638297872340426, 0.0]}