{"val_auc": [0.876470588235294, 0.9006410256410257, 0.8775946275946276, 0.8186777920410784, 0.8857336956521739], "test_auc": [0.9340560072267389, 0.9336946702800362, 0.9315266485998194, 0.9317073170731708, 0.9327913279132791], "test_specificity": [1.0, 0.975609756097561, 0.991869918699187, 0.983739837398374, 0.975609756097561], "test_sensitivity": [0.5555555555555556, 0.6, 0.6222222222222222, 0.6222222222222222, 0.6]}