{"test_auc": [0.9483288166214995, 0.9321366608834912, 0.9029017857142857, 0.9051767465237057, 0.9292582417582417], "test_specificity": [1.0, 1.0, 0.9642857142857143, 0.6141732283464567, 0.9142857142857143], "test_sensitivity": [0.6, 0.576271186440678, 0.5, 0.851063829787234, 0.8461538461538461]}