{"test_auc": [0.9291779584462512, 0.9130521820365675, 0.8537946428571429, 0.9024962305243761, 0.9070054945054945], "test_specificity": [0.975609756097561, 1.0, 0.9553571428571429, 1.0, 1.0], "test_sensitivity": [0.6888888888888889, 0.4915254237288136, 0.6428571428571429, 0.2978723404255319, 0.40384615384615385]}