{"test_auc": [0.9371273712737127, 0.9105164820499132, 0.8560267857142856, 0.893952085776512, 0.9111263736263736], "test_specificity": [0.967479674796748, 1.0, 0.9375, 0.9212598425196851, 1.0], "test_sensitivity": [0.7777777777777778, 0.423728813559322, 0.7321428571428571, 0.723404255319149, 0.40384615384615385]}