{"test_auc": [0.8353580901856764, 0.823283950617284, 0.8431818181818183, 0.8441056698339772, 0.8837412587412586], "test_specificity": [0.9103448275862069, 0.92, 0.2571428571428571, 1.0, 0.8601398601398601], "test_sensitivity": [0.3769230769230769, 0.4666666666666667, 0.9669421487603306, 0.07377049180327869, 0.722972972972973]}