{"test_auc": [0.943089430894309, 0.9390764713732817, 0.8801020408163266, 0.9140559557714861, 0.9230769230769231], "test_specificity": [0.983739837398374, 0.9291338582677166, 0.875, 0.9212598425196851, 0.7642857142857142], "test_sensitivity": [0.7333333333333333, 0.8305084745762712, 0.7857142857142857, 0.7446808510638298, 0.8846153846153846]}