{"test_auc": [0.9362240289069557, 0.9396103029494195, 0.8695790816326531, 0.9073546657731614, 0.9439560439560439], "test_specificity": [0.6504065040650406, 0.9291338582677166, 0.9642857142857143, 0.6692913385826772, 1.0], "test_sensitivity": [0.9111111111111111, 0.8135593220338984, 0.0, 0.851063829787234, 0.21153846153846154]}