{"val_auc": [0.8903114186851211, 0.9479166666666666, 0.9136141636141636, 0.9053273427471116, 0.910461956521739], "test_auc": [0.9663956639566396, 0.9595302619692864, 0.9631436314363144, 0.9694670280036134, 0.9398373983739837], "test_specificity": [1.0, 0.8455284552845529, 0.991869918699187, 0.991869918699187, 1.0], "test_sensitivity": [0.7333333333333333, 0.9111111111111111, 0.7777777777777778, 0.8, 0.4444444444444444]}