{"test_auc": [0.826445623342175, 0.8072345679012345, 0.817443919716647, 0.8388326198183146, 0.8607304857304858], "test_specificity": [0.8827586206896552, 0.8666666666666667, 0.8857142857142857, 0.8662420382165605, 0.8951048951048951], "test_sensitivity": [0.49230769230769234, 0.5481481481481482, 0.5289256198347108, 0.5409836065573771, 0.5743243243243243]}