{"val_auc": [0.727681660899654, 0.9364316239316239, 0.8632478632478632, 0.7897946084724006, 0.8971467391304347], "test_auc": [0.8278229448961155, 0.9701897018970189, 0.9091237579042457, 0.8379403794037941, 0.9416440831074977], "test_specificity": [0.983739837398374, 0.991869918699187, 1.0, 1.0, 0.5609756097560976], "test_sensitivity": [0.5111111111111111, 0.6666666666666666, 0.4888888888888889, 0.4888888888888889, 0.9555555555555556]}