{"test_auc": [0.9353206865401987, 0.9304017082610436, 0.8858418367346939, 0.7657899145585525, 0.9348901098901099], "test_specificity": [0.5040650406504065, 1.0, 0.5, 0.30708661417322836, 0.8571428571428571], "test_sensitivity": [0.9555555555555556, 0.5084745762711864, 0.9107142857142857, 1.0, 0.8653846153846154]}