{"test_auc": [0.9528455284552845, 0.9281329240624583, 0.8632015306122449, 0.9160663427709834, 0.43804945054945055], "test_specificity": [1.0, 0.5748031496062992, 0.9375, 0.968503937007874, 1.0], "test_sensitivity": [0.5555555555555556, 0.8983050847457628, 0.75, 0.5106382978723404, 0.0]}