{"val_auc": [0.9024221453287197, 0.5590277777777778, 0.884004884004884, 0.8616816431322207, 0.9077445652173912], "test_auc": [0.9338753387533876, 0.4158988256549232, 0.9369467028003613, 0.9416440831074977, 0.9356820234869014], "test_specificity": [0.6016260162601627, 1.0, 0.6016260162601627, 0.983739837398374, 0.991869918699187], "test_sensitivity": [0.9111111111111111, 0.0, 0.9111111111111111, 0.6444444444444445, 0.5555555555555556]}