{"test_auc": [0.8939476061427281, 0.8859602295475778, 0.8681441326530613, 0.8096833640475791, 0.878021978021978], "test_specificity": [1.0, 1.0, 0.5446428571428571, 0.5590551181102362, 0.6285714285714286], "test_sensitivity": [0.4222222222222222, 0.0, 0.8392857142857143, 0.851063829787234, 0.8653846153846154]}