{"test_auc": [0.8762420957542909, 0.867809955958895, 0.7724808673469389, 0.7156977718210755, 0.8701923076923077], "test_specificity": [0.6016260162601627, 1.0, 1.0, 1.0, 1.0], "test_sensitivity": [0.9111111111111111, 0.0, 0.0, 0.0, 0.25]}