{"test_auc": [0.8306896551724138, 0.8121234567901234, 0.8212219598583236, 0.8448887960739271, 0.8686684936684937], "test_specificity": [0.034482758620689655, 0.9666666666666667, 0.9428571428571428, 0.7898089171974523, 0.993006993006993], "test_sensitivity": [1.0, 0.3037037037037037, 0.4462809917355372, 0.7213114754098361, 0.35135135135135137]}