{"test_auc": [0.9459801264679314, 0.950286934472174, 0.8818558673469388, 0.9207572457698108, 0.9342032967032967], "test_specificity": [1.0, 1.0, 0.875, 0.984251968503937, 0.9571428571428572], "test_sensitivity": [0.4222222222222222, 0.6610169491525424, 0.7857142857142857, 0.425531914893617, 0.7884615384615384]}