{"val_auc": [0.8899653979238754, 0.9428418803418803, 0.9291819291819292, 0.8889602053915275, 0.9216032608695652], "test_auc": [0.9546522131887984, 0.9541102077687443, 0.9804878048780488, 0.9607949412827462, 0.9553748870822042], "test_specificity": [0.9349593495934959, 0.959349593495935, 1.0, 0.967479674796748, 0.943089430894309], "test_sensitivity": [0.8666666666666667, 0.8444444444444444, 0.8, 0.8222222222222222, 0.8222222222222222]}