{"test_auc": [0.9167118337850045, 0.958027492326171, 0.8638392857142858, 0.9040040207739989, 0.9175824175824177], "test_specificity": [1.0, 1.0, 0.9464285714285714, 0.84251968503937, 0.7214285714285714], "test_sensitivity": [0.0, 0.5254237288135594, 0.7321428571428571, 0.8297872340425532, 0.8653846153846154]}