{"test_auc": [0.8258620689655172, 0.8146913580246914, 0.8305489964580873, 0.8383105356583481, 0.8652664902664903], "test_specificity": [0.0, 0.013333333333333334, 0.03571428571428571, 0.05732484076433121, 0.8461538461538461], "test_sensitivity": [1.0, 1.0, 1.0, 1.0, 0.7702702702702703]}