{"val_auc": [0.4235294117647059, 0.9268162393162392, 0.7213064713064713, 0.8703465982028241, 0.44089673913043476], "test_auc": [0.4115627822944896, 0.9591689250225836, 0.7521228545618789, 0.9156278229448961, 0.41481481481481475], "test_specificity": [1.0, 0.959349593495935, 1.0, 1.0, 1.0], "test_sensitivity": [0.0, 0.7333333333333333, 0.06666666666666667, 0.4444444444444444, 0.0]}