{"test_auc": [0.6905149051490515, 0.4555585212865341, 0.8837691326530611, 0.4385994303903502, 0.7868131868131868], "test_specificity": [1.0, 1.0, 0.5446428571428571, 1.0, 0.9928571428571429], "test_sensitivity": [0.0, 0.0, 0.8392857142857143, 0.0, 0.3269230769230769]}