{"test_auc": [0.9121951219512195, 0.9179901241158415, 0.8614477040816326, 0.8609482325347629, 0.8986263736263737], "test_specificity": [0.24390243902439024, 0.18110236220472442, 0.19642857142857142, 0.3858267716535433, 0.6071428571428571], "test_sensitivity": [0.9555555555555556, 1.0, 0.9285714285714286, 0.9361702127659575, 0.8653846153846154]}