{"test_auc": [0.9387533875338754, 0.9222607767249432, 0.8612882653061225, 0.9019936337745016, 0.9142857142857143], "test_specificity": [0.6016260162601627, 0.9448818897637795, 0.9553571428571429, 1.0, 0.6071428571428571], "test_sensitivity": [0.9111111111111111, 0.7457627118644068, 0.4642857142857143, 0.14893617021276595, 0.8846153846153846]}