{"val_auc": [0.8387543252595155, 0.8768696581196581, 0.8952991452991452, 0.8658536585365854, 0.9199728260869565], "test_auc": [0.928635953026197, 0.915085817524842, 0.9468834688346883, 0.9443541102077688, 0.9490514905149051], "test_specificity": [1.0, 0.6016260162601627, 0.9349593495934959, 0.991869918699187, 1.0], "test_sensitivity": [0.06666666666666667, 0.9111111111111111, 0.8444444444444444, 0.6444444444444445, 0.4666666666666667]}