{"test_auc": [0.9322493224932249, 0.9165220872814627, 0.8757971938775511, 0.9187468587703133, 0.9056318681318681], "test_specificity": [1.0, 1.0, 0.6071428571428571, 1.0, 0.8285714285714286], "test_sensitivity": [0.6, 0.0, 0.8392857142857143, 0.0, 0.8653846153846154]}