{"val_auc": [0.9044982698961936, 0.9150641025641025, 0.9007936507936508, 0.8950577663671373, 0.8849184782608696], "test_auc": [0.9412827461607949, 0.9436314363143631, 0.9454381210478772, 0.9622402890695574, 0.9450767841011743], "test_specificity": [0.6016260162601627, 0.983739837398374, 0.967479674796748, 1.0, 0.983739837398374], "test_sensitivity": [0.9111111111111111, 0.6222222222222222, 0.7777777777777778, 0.5555555555555556, 0.5777777777777777]}