{"test_auc": [0.9360433604336044, 0.918123582009876, 0.8738839285714285, 0.8946222147763444, 0.8984890109890109], "test_specificity": [1.0, 1.0, 0.9821428571428571, 0.984251968503937, 1.0], "test_sensitivity": [0.4666666666666667, 0.0, 0.03571428571428571, 0.40425531914893614, 0.4230769230769231]}