{"test_auc": [0.9364046973803071, 0.9249299346056319, 0.8475765306122449, 0.9150611492712346, 0.9215659340659341], "test_specificity": [0.9186991869918699, 0.6299212598425197, 0.9821428571428571, 1.0, 0.9285714285714286], "test_sensitivity": [0.8666666666666667, 0.8813559322033898, 0.03571428571428571, 0.0, 0.8269230769230769]}