{"test_auc": [0.9651309846431798, 0.8850260242893366, 0.9394132653061225, 0.9170715362707321, 0.9453296703296702], "test_specificity": [0.9349593495934959, 0.9763779527559056, 0.9375, 0.984251968503937, 0.9928571428571429], "test_sensitivity": [0.8444444444444444, 0.6101694915254238, 0.75, 0.6808510638297872, 0.5192307692307693]}