{"val_auc": [0.9290657439446366, 0.937232905982906, 0.9334554334554335, 0.9569961489088575, 0.949320652173913], "test_auc": [0.978319783197832, 0.9788617886178862, 0.9752484191508582, 0.9756097560975608, 0.9725383920505871], "test_specificity": [0.943089430894309, 0.991869918699187, 0.9186991869918699, 0.991869918699187, 0.943089430894309], "test_sensitivity": [0.8666666666666667, 0.8444444444444444, 0.8888888888888888, 0.8, 0.8444444444444444]}