{"test_auc": [0.8113821138211382, 0.9358734819164554, 0.9021045918367347, 0.9180767297704808, 0.9576923076923077], "test_specificity": [0.9349593495934959, 0.007874015748031496, 0.9017857142857143, 0.9921259842519685, 0.8928571428571429], "test_sensitivity": [0.5555555555555556, 1.0, 0.7857142857142857, 0.6170212765957447, 0.8653846153846154]}