{"test_auc": [0.9629629629629629, 0.9490858134258642, 0.9201211734693877, 0.9346624225163345, 0.9532967032967034], "test_specificity": [0.991869918699187, 0.9133858267716536, 0.9196428571428571, 0.952755905511811, 1.0], "test_sensitivity": [0.8222222222222222, 0.847457627118644, 0.75, 0.7446808510638298, 0.5576923076923077]}