{"test_auc": [0.8254376657824933, 0.7905432098765433, 0.8198051948051948, 0.8247363474992168, 0.8575174825174825], "test_specificity": [0.8827586206896552, 0.8666666666666667, 0.95, 0.8598726114649682, 0.8951048951048951], "test_sensitivity": [0.49230769230769234, 0.5481481481481482, 0.36363636363636365, 0.5409836065573771, 0.5743243243243243]}