{"test_auc": [0.9434507678410118, 0.9622981449352729, 0.8590561224489797, 0.9160663427709834, 0.942032967032967], "test_specificity": [0.7073170731707317, 1.0, 0.7589285714285714, 1.0, 1.0], "test_sensitivity": [0.9111111111111111, 0.2711864406779661, 0.8214285714285714, 0.23404255319148937, 0.2692307692307692]}