{"val_auc": [0.9038062283737024, 0.9537927350427351, 0.9242979242979242, 0.8780487804878048, 0.9273097826086956], "test_auc": [0.9532068654019873, 0.9649503161698284, 0.9747064137308039, 0.9616982836495032, 0.957542908762421], "test_specificity": [0.959349593495935, 0.967479674796748, 1.0, 0.943089430894309, 0.983739837398374], "test_sensitivity": [0.8222222222222222, 0.8444444444444444, 0.7111111111111111, 0.8444444444444444, 0.7555555555555555]}