{"test_auc": [0.9306233062330623, 0.9417456292539704, 0.8840880102040816, 0.9214273747696432, 0.9114010989010989], "test_specificity": [0.975609756097561, 1.0, 0.7946428571428571, 1.0, 0.7642857142857142], "test_sensitivity": [0.7777777777777778, 0.4576271186440678, 0.8214285714285714, 0.2765957446808511, 0.8653846153846154]}