{"test_auc": [0.8240583554376658, 0.8193827160493827, 0.8354486422668242, 0.8470815495457867, 0.8707947457947458], "test_specificity": [1.0, 0.013333333333333334, 0.9642857142857143, 0.05732484076433121, 0.013986013986013986], "test_sensitivity": [0.0, 1.0, 0.2396694214876033, 1.0, 1.0]}