{"test_auc": [0.7412827461607949, 0.6792339516882424, 0.42793367346938777, 0.702127659574468, 0.883379120879121], "test_specificity": [0.991869918699187, 1.0, 1.0, 1.0, 0.18571428571428572], "test_sensitivity": [0.0, 0.0, 0.0, 0.0, 0.9423076923076923]}