{"val_auc": [0.8387543252595155, 0.9257478632478633, 0.8745421245421245, 0.9181643132220796, 0.9061141304347825], "test_auc": [0.9102077687443542, 0.9571815718157181, 0.9268292682926829, 0.9396567299006322, 0.9315266485998194], "test_specificity": [0.991869918699187, 1.0, 0.2032520325203252, 1.0, 0.15447154471544716], "test_sensitivity": [0.5111111111111111, 0.5111111111111111, 1.0, 0.5555555555555556, 1.0]}