{"test_auc": [0.9232158988256549, 0.944414787134659, 0.8821747448979591, 0.8606131680348467, 0.6502747252747253], "test_specificity": [0.6016260162601627, 1.0, 0.5446428571428571, 0.2204724409448819, 1.0], "test_sensitivity": [0.9111111111111111, 0.423728813559322, 0.8392857142857143, 0.9574468085106383, 0.0]}