{"test_auc": [0.877145438121048, 0.4887895369011077, 0.9100765306122449, 0.46339420338415144, 0.9303571428571429], "test_specificity": [0.991869918699187, 1.0, 0.9821428571428571, 1.0, 0.6071428571428571], "test_sensitivity": [0.4888888888888889, 0.0, 0.4642857142857143, 0.0, 0.9230769230769231]}