{"test_auc": [0.7297199638663053, 0.9386760976911783, 0.9003507653061225, 0.9011559725247109, 0.4495879120879121], "test_specificity": [1.0, 0.3858267716535433, 0.6071428571428571, 0.6377952755905512, 1.0], "test_sensitivity": [0.044444444444444446, 0.9830508474576272, 0.8392857142857143, 0.851063829787234, 0.0]}