{"test_auc": [0.9205058717253839, 0.9239957293473908, 0.8536352040816326, 0.9091975205227005, 0.9482142857142857], "test_specificity": [0.991869918699187, 0.8976377952755905, 0.9732142857142857, 0.9921259842519685, 0.9571428571428572], "test_sensitivity": [0.6, 0.7966101694915254, 0.44642857142857145, 0.40425531914893614, 0.7692307692307693]}