{"val_auc": [0.9231833910034603, 0.9294871794871794, 0.9096459096459096, 0.9396662387676509, 0.9139945652173913], "test_auc": [0.9772357723577236, 0.9739837398373983, 0.9678410117434508, 0.9698283649503161, 0.9226738934056008], "test_specificity": [1.0, 0.9512195121951219, 0.7723577235772358, 0.991869918699187, 1.0], "test_sensitivity": [0.8, 0.8888888888888888, 0.9777777777777777, 0.7777777777777778, 0.5111111111111111]}