{"test_auc": [0.9667570009033423, 0.9691044975310289, 0.9354272959183674, 0.9209247780197688, 0.9576923076923076], "test_specificity": [1.0, 1.0, 0.9642857142857143, 0.8582677165354331, 0.9785714285714285], "test_sensitivity": [0.5777777777777777, 0.6440677966101694, 0.5714285714285714, 0.8297872340425532, 0.75]}