{"test_auc": [0.6937135278514589, 0.7657037037037038, 0.7326151121605667, 0.7661062963349692, 0.719122094122094], "test_specificity": [0.33793103448275863, 0.98, 1.0, 0.535031847133758, 1.0], "test_sensitivity": [0.8, 0.31851851851851853, 0.04132231404958678, 0.7704918032786885, 0.0]}