{"test_auc": [0.8376392572944297, 0.8125185185185185, 0.8115407319952773, 0.8162785841077582, 0.8472642222642223], "test_specificity": [0.496551724137931, 0.8733333333333333, 0.8857142857142857, 0.7961783439490446, 0.9230769230769231], "test_sensitivity": [0.9307692307692308, 0.5333333333333333, 0.5289256198347108, 0.7213114754098361, 0.5675675675675675]}