{"test_auc": [0.8064986737400531, 0.8031358024691357, 0.8295454545454546, 0.8282343113709929, 0.8424447174447175], "test_specificity": [0.8758620689655172, 0.8666666666666667, 0.8857142857142857, 0.0, 1.0], "test_sensitivity": [0.5, 0.5481481481481482, 0.5289256198347108, 1.0, 0.013513513513513514]}