{"val_auc": [0.8785467128027682, 0.9441773504273504, 0.9099511599511599, 0.8607188703465982, 0.9175271739130435], "test_auc": [0.96386630532972, 0.9631436314363144, 0.9607949412827461, 0.9510388437217706, 0.9537488708220415], "test_specificity": [1.0, 1.0, 0.926829268292683, 0.9349593495934959, 0.926829268292683], "test_sensitivity": [0.4888888888888889, 0.37777777777777777, 0.8666666666666667, 0.8222222222222222, 0.8888888888888888]}