{"test_auc": [0.9425474254742549, 0.9325370345655946, 0.8711734693877551, 0.9035014240241247, 0.9173076923076924], "test_specificity": [1.0, 0.7637795275590551, 0.9821428571428571, 1.0, 0.9571428571428572], "test_sensitivity": [0.0, 0.8813559322033898, 0.0, 0.5106382978723404, 0.7692307692307693]}