{"test_auc": [0.9535682023486901, 0.9429467503002803, 0.8879145408163266, 0.9155637460211091, 0.921978021978022], "test_specificity": [1.0, 1.0, 0.9642857142857143, 0.9212598425196851, 0.9857142857142858], "test_sensitivity": [0.5555555555555556, 0.4067796610169492, 0.5, 0.7446808510638298, 0.6923076923076923]}