{"test_auc": [0.9239385727190605, 0.9282663819564926, 0.8550701530612245, 0.8927793600268052, 0.9126373626373626], "test_specificity": [0.959349593495935, 0.937007874015748, 0.9553571428571429, 0.937007874015748, 0.9928571428571429], "test_sensitivity": [0.7333333333333333, 0.8305084745762712, 0.5892857142857143, 0.723404255319149, 0.6153846153846154]}