{"test_auc": [0.8276657824933688, 0.8221481481481482, 0.823051948051948, 0.8410253732901745, 0.8718814968814969], "test_specificity": [0.8413793103448276, 0.8133333333333334, 0.8857142857142857, 0.8662420382165605, 0.8181818181818182], "test_sensitivity": [0.7153846153846154, 0.725925925925926, 0.5289256198347108, 0.5491803278688525, 0.7905405405405406]}