{"test_auc": [0.9248419150858175, 0.893433871613506, 0.8362563775510204, 0.8574300552856425, 0.8857142857142858], "test_specificity": [1.0, 0.9921259842519685, 0.9553571428571429, 0.937007874015748, 1.0], "test_sensitivity": [0.28888888888888886, 0.05084745762711865, 0.4107142857142857, 0.5319148936170213, 0.0]}