{"val_auc": [0.8802768166089965, 0.922275641025641, 0.8965201465201466, 0.87997432605905, 0.9066576086956522], "test_auc": [0.938211382113821, 0.9400180668473351, 0.9488708220415537, 0.9580849141824752, 0.9472448057813911], "test_specificity": [1.0, 0.967479674796748, 0.967479674796748, 0.975609756097561, 0.975609756097561], "test_sensitivity": [0.4666666666666667, 0.8222222222222222, 0.7777777777777778, 0.7777777777777778, 0.7111111111111111]}