{"test_auc": [0.9383920505871726, 0.8982383557987454, 0.8789859693877552, 0.8900988440274752, 0.9072802197802199], "test_specificity": [1.0, 1.0, 1.0, 1.0, 1.0], "test_sensitivity": [0.0, 0.0, 0.0, 0.2127659574468085, 0.2692307692307692]}