{"test_auc": [0.9288166214995482, 0.8994394768450553, 0.8579400510204082, 0.8766962640308259, 0.8929945054945055], "test_specificity": [1.0, 1.0, 1.0, 0.8661417322834646, 1.0], "test_sensitivity": [0.4222222222222222, 0.5084745762711864, 0.0, 0.723404255319149, 0.46153846153846156]}