{"test_auc": [0.9383920505871726, 0.8937007874015748, 0.8309948979591836, 0.9013235047746692, 0.8531593406593406], "test_specificity": [1.0, 1.0, 0.9642857142857143, 1.0, 0.9785714285714285], "test_sensitivity": [0.0, 0.0, 0.0, 0.0, 0.3269230769230769]}