{"val_auc": [0.8792387543252596, 0.9217414529914529, 0.8931623931623931, 0.8648908857509627, 0.9006793478260869], "test_auc": [0.9364046973803071, 0.9347786811201445, 0.9434507678410118, 0.9523035230352304, 0.9329719963866304], "test_specificity": [0.959349593495935, 0.967479674796748, 0.983739837398374, 0.983739837398374, 0.9512195121951219], "test_sensitivity": [0.8, 0.7333333333333333, 0.7777777777777778, 0.8222222222222222, 0.8222222222222222]}