{"test_auc": [0.9042457091237579, 0.8954357400240225, 0.8639987244897961, 0.8931144245267214, 0.9090659340659341], "test_specificity": [1.0, 1.0, 0.9732142857142857, 1.0, 1.0], "test_sensitivity": [0.4222222222222222, 0.3898305084745763, 0.4107142857142857, 0.3404255319148936, 0.36538461538461536]}