{"val_auc": [0.9332179930795848, 0.9481837606837608, 0.8846153846153846, 0.7939666238767651, 0.9528532608695652], "test_auc": [0.9866305329719963, 0.9472448057813913, 0.9429087624209574, 0.8046973803071364, 0.9799457994579945], "test_specificity": [0.959349593495935, 1.0, 1.0, 1.0, 1.0], "test_sensitivity": [0.8444444444444444, 0.4888888888888889, 0.6888888888888889, 0.24444444444444444, 0.8]}