{"test_auc": [0.9571815718157182, 0.9590951554784466, 0.9043367346938775, 0.8932819567766794, 0.9074175824175824], "test_specificity": [0.7886178861788617, 0.937007874015748, 0.9375, 0.5118110236220472, 0.6428571428571429], "test_sensitivity": [0.8888888888888888, 0.8135593220338984, 0.75, 0.9574468085106383, 0.8846153846153846]}