{"test_auc": [0.9586269196025293, 0.9692379554250635, 0.9322385204081634, 0.9287987937678003, 0.9252747252747253], "test_specificity": [0.9512195121951219, 0.7007874015748031, 0.9375, 0.8503937007874016, 0.7714285714285715], "test_sensitivity": [0.8222222222222222, 0.9830508474576272, 0.75, 0.8297872340425532, 0.9230769230769231]}