{"test_auc": [0.9020776874435411, 0.8166955825437074, 0.8045280612244898, 0.8061651867984587, 0.7603021978021979], "test_specificity": [0.016260162601626018, 0.7480314960629921, 1.0, 1.0, 0.0], "test_sensitivity": [1.0, 0.4576271186440678, 0.0, 0.0, 1.0]}