{"test_auc": [0.9383920505871725, 0.8512611770986253, 0.8955676020408163, 0.8875858602781035, 0.4383241758241758], "test_specificity": [0.983739837398374, 1.0, 0.9464285714285714, 1.0, 1.0], "test_sensitivity": [0.7111111111111111, 0.0, 0.6428571428571429, 0.0, 0.0]}