{"val_auc": [0.8238754325259515, 0.6359508547008548, 0.8913308913308914, 0.7962130937098845, 0.4789402173913043], "test_auc": [0.8999096657633243, 0.5644083107497742, 0.9445347786811201, 0.848780487804878, 0.423486901535682], "test_specificity": [1.0, 0.6016260162601627, 0.5934959349593496, 0.991869918699187, 1.0], "test_sensitivity": [0.4444444444444444, 0.5555555555555556, 0.9111111111111111, 0.4444444444444444, 0.0]}