{"test_auc": [0.9454381210478772, 0.9218604030428399, 0.9295280612244898, 0.9130507622717373, 0.9475274725274725], "test_specificity": [0.8617886178861789, 0.984251968503937, 0.8571428571428571, 0.984251968503937, 0.9928571428571429], "test_sensitivity": [0.8666666666666667, 0.576271186440678, 0.8571428571428571, 0.44680851063829785, 0.5576923076923077]}