{"test_auc": [0.6, 0.9641665554517551, 0.9083227040816326, 0.8919416987770147, 0.9519230769230769], "test_specificity": [1.0, 0.8818897637795275, 0.875, 0.937007874015748, 0.9], "test_sensitivity": [0.0, 0.8813559322033898, 0.8214285714285714, 0.723404255319149, 0.8653846153846154]}