{"val_auc": [0.92560553633218, 0.9316239316239318, 0.9267399267399267, 0.9515404364569962, 0.9487771739130434], "test_auc": [0.9790424570912376, 0.9728997289972899, 0.9700090334236676, 0.973803071364047, 0.9633242999096658], "test_specificity": [0.959349593495935, 1.0, 0.983739837398374, 0.991869918699187, 0.983739837398374], "test_sensitivity": [0.8222222222222222, 0.7555555555555555, 0.8, 0.8, 0.8]}