{"test_auc": [0.9550135501355014, 0.9546910449753103, 0.9172512755102041, 0.9358351482660412, 0.9513736263736264], "test_specificity": [0.9186991869918699, 0.9291338582677166, 0.9285714285714286, 0.9606299212598425, 0.9714285714285714], "test_sensitivity": [0.8888888888888888, 0.847457627118644, 0.75, 0.723404255319149, 0.7884615384615384]}