{"test_auc": [0.93676603432701, 0.9629654344054451, 0.9150191326530612, 0.8450326687887418, 0.9243131868131869], "test_specificity": [0.0, 0.9448818897637795, 0.8392857142857143, 0.5669291338582677, 0.21428571428571427], "test_sensitivity": [1.0, 0.8135593220338984, 0.8214285714285714, 0.8085106382978723, 0.9615384615384616]}