{"test_auc": [0.9694670280036133, 0.8379153876951821, 0.9316007653061225, 0.9205897135198526, 0.9703296703296703], "test_specificity": [0.9349593495934959, 0.984251968503937, 0.9375, 0.7401574803149606, 0.9785714285714285], "test_sensitivity": [0.8444444444444444, 0.4745762711864407, 0.75, 0.8297872340425532, 0.7884615384615384]}