{"val_auc": [0.9159169550173011, 0.9238782051282052, 0.9007936507936508, 0.9518613607188703, 0.940625], "test_auc": [0.969286359530262, 0.9443541102077688, 0.9656729900632339, 0.982836495031617, 0.9548328816621499], "test_specificity": [0.991869918699187, 1.0, 0.991869918699187, 0.967479674796748, 0.983739837398374], "test_sensitivity": [0.8, 0.4888888888888889, 0.7555555555555555, 0.8444444444444444, 0.7777777777777778]}