{"test_auc": [0.7732360742705571, 0.7852592592592593, 0.8149055489964582, 0.8371619505064218, 0.8362077112077112], "test_specificity": [0.9379310344827586, 0.9666666666666667, 0.8857142857142857, 0.8662420382165605, 0.916083916083916], "test_sensitivity": [0.3769230769230769, 0.3037037037037037, 0.5289256198347108, 0.5409836065573771, 0.5337837837837838]}