{"test_auc": [0.6732891246684349, 0.7653086419753087, 0.6948937426210153, 0.7755560196303644, 0.8166934416934417], "test_specificity": [0.8827586206896552, 0.98, 0.35714285714285715, 0.8789808917197452, 0.8881118881118881], "test_sensitivity": [0.4846153846153846, 0.18518518518518517, 0.7851239669421488, 0.45081967213114754, 0.5743243243243243]}