{"val_auc": [0.4017301038062283, 0.5614316239316239, 0.8782051282051282, 0.8141848523748395, 0.6716032608695652], "test_auc": [0.37777777777777777, 0.43378500451671187, 0.9320686540198735, 0.9304426377597109, 0.6825654923215898], "test_specificity": [1.0, 1.0, 1.0, 0.5691056910569106, 1.0], "test_sensitivity": [0.0, 0.0, 0.5555555555555556, 0.9555555555555556, 0.0]}