{"test_auc": [0.9362240289069558, 0.8240357667156012, 0.6256377551020408, 0.723739319819065, 0.8971153846153845], "test_specificity": [0.5934959349593496, 1.0, 0.9910714285714286, 0.0, 0.6071428571428571], "test_sensitivity": [0.9111111111111111, 0.0, 0.017857142857142856, 1.0, 0.8846153846153846]}