{"test_auc": [0.9320686540198735, 0.9023755505138129, 0.8793048469387755, 0.4377617691405596, 0.8858516483516483], "test_specificity": [0.6016260162601627, 0.5748031496062992, 0.5357142857142857, 1.0, 0.0], "test_sensitivity": [0.9111111111111111, 0.8813559322033898, 0.8928571428571429, 0.0, 1.0]}