{"test_auc": [0.7886206896551724, 0.7947901234567902, 0.8415879574970484, 0.8313146079147958, 0.8517057267057266], "test_specificity": [1.0, 1.0, 0.02857142857142857, 0.9617834394904459, 0.0], "test_sensitivity": [0.0, 0.0, 1.0, 0.2786885245901639, 1.0]}