{"test_auc": [0.8205039787798408, 0.8176543209876542, 0.8173258559622196, 0.8396679544742611, 0.8671092421092421], "test_specificity": [0.034482758620689655, 0.8666666666666667, 0.9642857142857143, 0.9044585987261147, 0.8881118881118881], "test_sensitivity": [1.0, 0.5555555555555556, 0.2644628099173554, 0.48360655737704916, 0.581081081081081]}