{"test_auc": [0.9607949412827461, 0.9574936607500334, 0.913265306122449, 0.9239403585190149, 0.9542582417582417], "test_specificity": [0.9349593495934959, 0.984251968503937, 0.9196428571428571, 0.9133858267716536, 0.9928571428571429], "test_sensitivity": [0.8666666666666667, 0.7966101694915254, 0.75, 0.8297872340425532, 0.5769230769230769]}