{"test_auc": [0.9302619692863595, 0.9105164820499133, 0.8561862244897959, 0.8966326017758418, 0.908379120879121], "test_specificity": [0.967479674796748, 1.0, 0.9464285714285714, 0.9212598425196851, 1.0], "test_sensitivity": [0.8, 0.5254237288135594, 0.75, 0.7446808510638298, 0.5192307692307693]}