{"test_auc": [0.8128647214854112, 0.7981481481481482, 0.8141971664698936, 0.8296439386029028, 0.8526034776034777], "test_specificity": [0.8758620689655172, 0.92, 0.9142857142857143, 0.8598726114649682, 0.8461538461538461], "test_sensitivity": [0.5076923076923077, 0.45185185185185184, 0.5041322314049587, 0.5409836065573771, 0.7567567567567568]}