{"val_auc": [0.8079584775086505, 0.9337606837606838, 0.9291819291819292, 0.9143132220795891, 0.9120923913043478], "test_auc": [0.9051490514905149, 0.9544715447154473, 0.978319783197832, 0.9712737127371274, 0.9550135501355013], "test_specificity": [1.0, 0.9512195121951219, 0.991869918699187, 0.943089430894309, 0.9349593495934959], "test_sensitivity": [0.3111111111111111, 0.8888888888888888, 0.8, 0.8666666666666667, 0.8666666666666667]}