{"test_auc": [0.9421860885275519, 0.9298678766849059, 0.8655931122448981, 0.9081923270229519, 0.9160714285714286], "test_specificity": [0.6504065040650406, 0.7165354330708661, 0.9642857142857143, 1.0, 0.8714285714285714], "test_sensitivity": [0.9111111111111111, 0.8813559322033898, 0.32142857142857145, 0.0, 0.8461538461538461]}