{"test_auc": [0.9443541102077687, 0.9561590818096891, 0.8852040816326531, 0.9048416820237895, 0.9259615384615385], "test_specificity": [1.0, 1.0, 0.8214285714285714, 0.6141732283464567, 1.0], "test_sensitivity": [0.6, 0.4576271186440678, 0.8214285714285714, 0.8723404255319149, 0.28846153846153844]}