{"test_auc": [0.9705510388437217, 0.9776458027492326, 0.9508928571428572, 0.951248115262188, 0.9762362637362637], "test_specificity": [0.959349593495935, 0.9763779527559056, 0.9375, 0.937007874015748, 0.9142857142857143], "test_sensitivity": [0.8444444444444444, 0.8305084745762712, 0.8035714285714286, 0.8936170212765957, 0.9038461538461539]}