{"val_auc": [0.8837370242214532, 0.8608440170940171, 0.8641636141636142, 0.7878690629011553, 0.8824728260869565], "test_auc": [0.9450767841011743, 0.9058717253839205, 0.9262872628726286, 0.9284552845528456, 0.9385727190605239], "test_specificity": [0.959349593495935, 1.0, 1.0, 1.0, 1.0], "test_sensitivity": [0.6888888888888889, 0.35555555555555557, 0.37777777777777777, 0.5111111111111111, 0.4666666666666667]}