{"test_auc": [0.8901535682023487, 0.8702121980515147, 0.8166454081632654, 0.8870832635282292, 0.8493131868131869], "test_specificity": [1.0, 0.9921259842519685, 1.0, 1.0, 1.0], "test_sensitivity": [0.0, 0.05084745762711865, 0.0, 0.0, 0.0]}