{"test_auc": [0.8964769647696476, 0.8611370612571734, 0.8262117346938774, 0.8649690065337577, 0.8865384615384616], "test_specificity": [1.0, 1.0, 1.0, 0.937007874015748, 1.0], "test_sensitivity": [0.37777777777777777, 0.3050847457627119, 0.0, 0.7021276595744681, 0.0]}