{"test_auc": [0.8084615384615385, 0.8103456790123457, 0.8392857142857143, 0.8257283074031534, 0.8603524853524853], "test_specificity": [0.993103448275862, 0.013333333333333334, 0.02142857142857143, 1.0, 0.8951048951048951], "test_sensitivity": [0.23846153846153847, 1.0, 1.0, 0.00819672131147541, 0.5743243243243243]}