{"test_auc": [0.8224137931034482, 0.8000740740740742, 0.804456906729634, 0.8305314816748459, 0.8525089775089775], "test_specificity": [0.8827586206896552, 0.8733333333333333, 0.8857142857142857, 0.8726114649681529, 0.9020979020979021], "test_sensitivity": [0.49230769230769234, 0.5407407407407407, 0.5289256198347108, 0.5327868852459017, 0.5675675675675675]}