{"test_auc": [0.9508581752484191, 0.9356065661283864, 0.8896683673469387, 0.9036689562740828, 0.9229395604395604], "test_specificity": [0.8373983739837398, 1.0, 0.9732142857142857, 0.6141732283464567, 0.6571428571428571], "test_sensitivity": [0.8888888888888888, 0.6101694915254238, 0.44642857142857145, 0.8723404255319149, 0.8653846153846154]}