{"val_auc": [0.8975778546712803, 0.9353632478632479, 0.9368131868131868, 0.8905648267008985, 0.9061141304347825], "test_auc": [0.9571815718157182, 0.9644083107497742, 0.9752484191508581, 0.9635049683830171, 0.9535682023486901], "test_specificity": [0.967479674796748, 1.0, 0.9512195121951219, 0.9349593495934959, 0.975609756097561], "test_sensitivity": [0.8222222222222222, 0.4888888888888889, 0.8666666666666667, 0.8666666666666667, 0.7555555555555555]}