{"test_auc": [0.9407407407407407, 0.9393433871613507, 0.8692602040816325, 0.8519014910370246, 0.9333791208791209], "test_specificity": [0.991869918699187, 0.984251968503937, 0.6071428571428571, 1.0, 1.0], "test_sensitivity": [0.5555555555555556, 0.7457627118644068, 0.8392857142857143, 0.0, 0.2692307692307692]}