{"test_auc": [0.9371273712737128, 0.911984518884292, 0.8662308673469389, 0.895459876026135, 0.9023351648351648], "test_specificity": [0.8455284552845529, 1.0, 0.9285714285714286, 0.6141732283464567, 0.9], "test_sensitivity": [0.8666666666666667, 0.3389830508474576, 0.7321428571428571, 0.851063829787234, 0.8269230769230769]}