{"val_auc": [0.915916955017301, 0.9131944444444444, 0.8843101343101343, 0.8206033376123236, 0.9322010869565217], "test_auc": [0.9488708220415537, 0.9383920505871726, 0.9308039747064136, 0.9345980126467932, 0.9613369467028003], "test_specificity": [1.0, 0.9512195121951219, 0.943089430894309, 0.6504065040650406, 1.0], "test_sensitivity": [0.6, 0.8444444444444444, 0.8444444444444444, 0.9111111111111111, 0.4666666666666667]}