{"test_auc": [0.9138211382113821, 0.9070465768050179, 0.8573022959183674, 0.8874183280281455, 0.9021978021978021], "test_specificity": [0.6016260162601627, 1.0, 0.7321428571428571, 0.6141732283464567, 0.6428571428571429], "test_sensitivity": [0.9111111111111111, 0.711864406779661, 0.8214285714285714, 0.851063829787234, 0.8653846153846154]}