{"test_auc": [0.813395225464191, 0.8092098765432099, 0.8202184179456906, 0.8457241307298736, 0.8480202230202232], "test_specificity": [0.9862068965517241, 0.0, 0.0, 0.5031847133757962, 1.0], "test_sensitivity": [0.26153846153846155, 1.0, 1.0, 0.9426229508196722, 0.0]}