{"test_auc": [0.8209814323607426, 0.8144938271604939, 0.8337367178276268, 0.8433225435940273, 0.8654554904554905], "test_specificity": [0.8827586206896552, 0.8733333333333333, 0.8785714285714286, 0.8726114649681529, 0.993006993006993], "test_sensitivity": [0.49230769230769234, 0.5333333333333333, 0.6198347107438017, 0.5163934426229508, 0.3310810810810811]}