{"test_auc": [0.7683830171635049, 0.8726144401441345, 0.8885522959183673, 0.8892611827776848, 0.47953296703296705], "test_specificity": [1.0, 0.9212598425196851, 0.9821428571428571, 0.5433070866141733, 1.0], "test_sensitivity": [0.0, 0.6271186440677966, 0.44642857142857145, 0.9148936170212766, 0.0]}