{"val_auc": [0.856401384083045, 0.9145299145299145, 0.8956043956043955, 0.8706675224646984, 0.7925271739130435], "test_auc": [0.9313459801264679, 0.9418247515808491, 0.9492321589882566, 0.9514001806684733, 0.7794037940379404], "test_specificity": [0.991869918699187, 0.6341463414634146, 0.5934959349593496, 0.5284552845528455, 1.0], "test_sensitivity": [0.5777777777777777, 0.9555555555555556, 0.9555555555555556, 0.9777777777777777, 0.4444444444444444]}