{"test_auc": [0.8953929539295392, 0.4591618844254638, 0.5137117346938775, 0.7475288993131177, 0.7273351648351648], "test_specificity": [0.7479674796747967, 1.0, 1.0, 1.0, 1.0], "test_sensitivity": [0.8444444444444444, 0.0, 0.0, 0.2127659574468085, 0.07692307692307693]}