{"val_auc": [0.889273356401384, 0.6899038461538463, 0.897130647130647, 0.884788189987163, 0.9150815217391304], "test_auc": [0.9470641373080397, 0.6448057813911472, 0.9533875338753388, 0.9514001806684733, 0.9510388437217706], "test_specificity": [1.0, 1.0, 0.7967479674796748, 0.9512195121951219, 1.0], "test_sensitivity": [0.4666666666666667, 0.0, 0.9111111111111111, 0.8444444444444444, 0.4666666666666667]}