{"test_auc": [0.9291779584462512, 0.92065928199653, 0.8459821428571429, 0.8855754732786061, 0.6748626373626374], "test_specificity": [0.7560975609756098, 0.9448818897637795, 0.9642857142857143, 0.8740157480314961, 1.0], "test_sensitivity": [0.9111111111111111, 0.6440677966101694, 0.44642857142857145, 0.8297872340425532, 0.0]}