{"test_auc": [0.9391147244805781, 0.9147871346590151, 0.8617665816326531, 0.9019936337745015, 0.9336538461538462], "test_specificity": [1.0, 0.6299212598425197, 0.9553571428571429, 0.6141732283464567, 1.0], "test_sensitivity": [0.3333333333333333, 0.8813559322033898, 0.5357142857142857, 0.851063829787234, 0.0]}